name,formatted_address,電話,Unnamed: 3,Unnamed: 4,Unnamed: 5,Unnamed: 6,Unnamed: 7,Unnamed: 8,Unnamed: 9,Unnamed: 10,Unnamed: 11,Unnamed: 12,Unnamed: 13,Unnamed: 14,Unnamed: 15,Unnamed: 16,Unnamed: 17,Unnamed: 18,Unnamed: 19,Unnamed: 20,Unnamed: 21,Unnamed: 22,Unnamed: 23,Unnamed: 24,Unnamed: 25
車之輪汽車百貨-中華門市,701台南市東區中華東路三段235號,06 289 6898,,,,,,,,,,,,,,,,,,,,,,,
安翔汽車,701台南市東區慶東街6號,06 236 6610,,,,,,,,,,,,,,,,,,,,,,,
富成汽車修護,701台南市東區東門路三段77號,06 269 5169,,,,,,,,,,,,,,,,,,,,,,,
鼎峰汽車精緻維修保養廠,701台南市東區自由路一段160號,0936 353 543,,,,,,,,,,,,,,,,,,,,,,,
昇輝汽車保養廠,701台南市東區裕義路552號,06 331 3546,,,,,,,,,,,,,,,,,,,,,,,
路馳揚南市裕農店-威禾汽車保養廠,701台南市東區裕農路939號,06 238 0052,,,,,,,,,,,,,,,,,,,,,,,
凱大車廠,702台南市南區中華南路二段29號,06 262 2942,,,,,,,,,,,,,,,,,,,,,,,
KING台南店(冠鑫車業行）,702台南市南區大同路二段582號,06 290 6026,,,,,,,,,,,,,,,,,,,,,,,
高銘汽車修護廠,702台南市安南區本田路三段151號,06 245 3388,,,,,,,,,,,,,,,,,,,,,,,
毅鎂汽車保養廠,704台南市北區中華北路一段73號,06 350 6908,,,,,,,,,,,,,,,,,,,,,,,
路路安汽修連鎖-台南宇弘店,704台南市北區公園南路239號,06 220 4857,,,,,,,,,,,,,,,,,,,,,,,
路馳揚汽車,704台南市北區公園路509巷8弄44號,06 281 8137,,,,,,,,,,,,,,,,,,,,,,,
賓仕汽車商行,708台南市安平區安平路142-146號,06 250 8732,,,,,,,,,,,,,,,,,,,,,,,
台南鉅鋒車業,708台南市安平區建平七街687號,06 297 8699,,,,,,,,,,,,,,,,,,,,,,,
順興車業,708台南市安平區文平路472號,06 299 7186,,,,,,,,,,,,,,,,,,,,,,,
大有汽車修護廠,709台南市安南區北安路二段319號,06 247 1018,,,,,,,,,,,,,,,,,,,,,,,
承泰汽車保養廠,709台南市安南區海佃路二段309號,06 246 6966,,,,,,,,,,,,,,,,,,,,,,,
賓晟汽車修護廠,710台南市永康區中正南路253號,06 253 5920,,,,,,,,,,,,,,,,,,,,,,,
Sum優質中古車商聯盟-第一汽車,710台南市永康區永大路三段7號,06 201 4106,,,,,,,,,,,,,,,,,,,,,,,
崇偉汽車修護廠,712台南市新化區竹子腳158-6號,06 598 2788,,,,,,,,,,,,,,,,,,,,,,,
SUM晟鎰保修,717台南市仁德區大同路三段298號,06 269 1753,,,,,,,,,,,,,,,,,,,,,,,
新泰汽車修理廠有限公司,717台南市仁德區太子路735號,06 511 1777,,,,,,,,,,,,,,,,,,,,,,,
金帝汽車有限公司,744台南市新市區中華路31號,06 599 5316,,,,,,,,,,,,,,,,,,,,,,,
瓏昇車業,744台南市新市區富強路106號,06 589 9355,,,,,,,,,,,,,,,,,,,,,,,
千騏汽車企業社,800高雄市新興區七賢一路71號,07 223 8299,,,,,,,,,,,,,,,,,,,,,,,
大同車業TaTung motors,801高雄市前金區自強二路75號,07 241 0911,,,,,,,,,,,,,,,,,,,,,,,
安達仕汽修聯盟-苓雅定益店,802高雄市苓雅區四維二路122號,0929 783 991,,,,,,,,,,,,,,,,,,,,,,,
晉弘汽車保養廠,802高雄市苓雅區正言路16號,07 721 9188,,,,,,,,,,,,,,,,,,,,,,,
迦南汽車企業社,802高雄市苓雅區武智街35號,0928 732 899,,,,,,,,,,,,,,,,,,,,,,,
福斯商用車販售部,802高雄市苓雅區澄清路22號,07 745 3131,,,,,,,,,,,,,,,,,,,,,,,
華興汽車修護,802高雄市苓雅區興中一路267號,07 333 2938,,,,,,,,,,,,,,,,,,,,,,,
中一汽車,803高雄市鹽埕區建國四路181之1號,07 551 7476,,,,,,,,,,,,,,,,,,,,,,,
興龍汽車保養廠,803高雄市鹽埕區新樂街246號,07 521 0856,,,,,,,,,,,,,,,,,,,,,,,
總輪車業,804高雄市鼓山區鼓山二路80-2號,07 531 3369,,,,,,,,,,,,,,,,,,,,,,,
活塞汽車專業,804高雄市鼓山區中華一路2125號,07 955 4567,,,,,,,,,,,,,,,,,,,,,,,
以馬內利汽車修護廠,804高雄市鼓山區中華一路282-1號,07 555 3711,,,,,,,,,,,,,,,,,,,,,,,
啟郕汽車保養場,804高雄市鼓山區大順一路121號,07 559 1338,,,,,,,,,,,,,,,,,,,,,,,
千順汽車,804高雄市鼓山區明倫路476之2號,07 555 5569,,,,,,,,,,,,,,,,,,,,,,,
日陞汽車-MICHELIN.Mobil.Koni,804高雄市鼓山區明誠三路592號,07 552 4680,,,,,,,,,,,,,,,,,,,,,,,
明正汽車保養廠,804高雄市鼓山區河西一路109號,07 533 6836,,,,,,,,,,,,,,,,,,,,,,,
MAXXIS瑪吉斯輪胎 - 鴻喜輪胎行/保養廠,804高雄市鼓山區華榮路577號,07 554 3802,,,,,,,,,,,,,,,,,,,,,,,
光田車業,804高雄市鼓山區銘傳路81號,07 581 0952,,,,,,,,,,,,,,,,,,,,,,,
車之輪汽車百貨-民權門市,806高雄市前鎮區一心一路291號,07 334 3789,,,,,,,,,,,,,,,,,,,,,,,
車適輪（華豐輪胎）,806高雄市前鎮區成功二路62號1樓,07 536 9597,,,,,,,,,,,,,,,,,,,,,,,
茗欣汽車工業股份有限公司,806高雄市前鎮區新大路2號,07 813 2125,,,,,,,,,,,,,,,,,,,,,,,
共展汽車修理,806高雄市前鎮區瑞南街56之1號,07 821 9336,,,,,,,,,,,,,,,,,,,,,,,
SUM 勝達汽車保修聯盟,807高雄市三民區克武路150號,07 385 9979,,,,,,,,,,,,,,,,,,,,,,,
華盟汽車,807高雄市三民區同協路167號,07 313 6999,,,,,,,,,,,,,,,,,,,,,,,
瑞興汽車冷氣音響電機行,807高雄市三民區察哈爾二街62號,07 322 8753,,,,,,,,,,,,,,,,,,,,,,,
明承汽車修護,807高雄市三民區澄清路505號,07 386 2210,,,,,,,,,,,,,,,,,,,,,,,
震偉汽車,807高雄市三民區自由一路225之1號,07 395 9770,,,,,,,,,,,,,,,,,,,,,,,
DT車材,807高雄市三民區通化街30巷40號,0982 803 393,,,,,,,,,,,,,,,,,,,,,,,
WIN車業技研聯盟,807高雄市三民區鼎力路16號,07 310 5988,,,,,,,,,,,,,,,,,,,,,,,
長勝鴻車業,807高雄市三民區鼎泰街209號,07 310 4566,,,,,,,,,,,,,,,,,,,,,,,
大眾汽車保養廠,807高雄市三民區鼎泰街95號,07 350 9513,,,,,,,,,,,,,,,,,,,,,,,
九九汽車修護中心,811高雄市楠梓區右昌街508號,07 364 0567,,,,,,,,,,,,,,,,,,,,,,,
協群車業行,811高雄市楠梓區右昌街227號,07 364 6988,,,,,,,,,,,,,,,,,,,,,,,
吉隆車業有限公司,811高雄市楠梓區楠梓東街77號,07 351 3886,,,,,,,,,,,,,,,,,,,,,,,
映相車業,811高雄市楠梓區中泰街43巷37弄218號,0956 086 349,,,,,,,,,,,,,,,,,,,,,,,
順順順保養廠,811高雄市楠梓區久昌街361號,07 364 3904,,,,,,,,,,,,,,,,,,,,,,,
高科車業KKR&D,811高雄市楠梓區創新路608號,07 355 3766,,,,,,,,,,,,,,,,,,,,,,,
昌陽汽車有限公司,811高雄市楠梓區加昌路633-1號,07 363 0817,,,,,,,,,,,,,,,,,,,,,,,
MICHELIN米其林輪胎-禎薪店,811高雄市楠梓區常德路30號,07 352 1945,,,,,,,,,,,,,,,,,,,,,,,
正仲汽車保養廠/汽車商行,811高雄市楠梓區後昌路215號,07 362 8510,,,,,,,,,,,,,,,,,,,,,,,
尚泰汽車電機材料行,811高雄市楠梓區德祥路60號,07 361 3798,,,,,,,,,,,,,,,,,,,,,,,
宏昶車業,811高雄市楠梓區德賢路87號,07 366 0753,,,,,,,,,,,,,,,,,,,,,,,
車師傅汽車,811高雄市楠梓區東昌街126號-1號,07 360 8567,,,,,,,,,,,,,,,,,,,,,,,
約升車業,811高雄市楠梓區楠梓新路160號,07 351 2848,,,,,,,,,,,,,,,,,,,,,,,
萬昌汽車保養廠,811高雄市楠梓區興楠路119號,07 351 5647,,,,,,,,,,,,,,,,,,,,,,,
美皇汽車,811高雄市楠梓區藍昌路341號,07 361 9021,,,,,,,,,,,,,,,,,,,,,,,
好車大聯盟仁武廠,811高雄市楠梓區高楠公路100號,07 359 8822,,,,,,,,,,,,,,,,,,,,,,,
聯億汽車修護場,812高雄市小港區宏平路437之6號,07 807 0315,,,,,,,,,,,,,,,,,,,,,,,
冠翔汽車修護廠,812高雄市小港區山明路615號,0936 375 832,,,,,,,,,,,,,,,,,,,,,,,
世全車業有限公司,812高雄市小港區崇文路81號,07 806 7820,,,,,,,,,,,,,,,,,,,,,,,
建誼汽車企業社,812高雄市小港區高鳳路106號,07 791 3852,,,,,,,,,,,,,,,,,,,,,,,
景元汽車保養場,813高雄市左營區左營大路727號,07 583 1773,,,,,,,,,,,,,,,,,,,,,,,
順烽汽車保養廠,813高雄市左營區左營大路908號,07 583 8306,,,,,,,,,,,,,,,,,,,,,,,
星峰車業,813高雄市左營區文瑞路15號,07 345 6378,,,,,,,,,,,,,,,,,,,,,,,
群英汽車保養中心,813高雄市左營區新庄仔路24號,07 583 8286,,,,,,,,,,,,,,,,,,,,,,,
鑫得寶汽車有限公司,813高雄市左營區重信路439號,07 347 9569,,,,,,,,,,,,,,,,,,,,,,,
SUM汽車保修聯盟-超越保修,814高雄市仁武區京富路436號,07 373 7295,,,,,,,,,,,,,,,,,,,,,,,
昌昇汽車修護廠,814高雄市仁武區仁林路219號,07 372 6120,,,,,,,,,,,,,,,,,,,,,,,
川盛汽車保養廠,814高雄市仁武區鳳仁路28之3號,0937 531 085,,,,,,,,,,,,,,,,,,,,,,,
台安汽車保養廠有限公司,814高雄市仁武區鳳仁路396號,07 371 0110,,,,,,,,,,,,,,,,,,,,,,,
宏展汽車保養廠,814高雄市仁武區鳳仁路5-13號,07 735 2186,,,,,,,,,,,,,,,,,,,,,,,
SUM大三汽車保修聯盟,815高雄市大社區三民路438之1號,07 353 2089,,,,,,,,,,,,,,,,,,,,,,,
振豪車業,815高雄市大社區中山路666-7號,07 355 6052,,,,,,,,,,,,,,,,,,,,,,,
正吉汽車維修廠,815高雄市大社區保社里旗楠路57號,07 351 9809,,,,,,,,,,,,,,,,,,,,,,,
峰茂車業行,815高雄市大社區大吉路2號,07 353 7676,,,,,,,,,,,,,,,,,,,,,,,
旂昇保養廠,820高雄市岡山區仁壽南路10號,07 625 2300,,,,,,,,,,,,,,,,,,,,,,,
福保企業行,820高雄市岡山區中山北路209號,07 622 2765,,,,,,,,,,,,,,,,,,,,,,,
SUM優質車商聯盟-友信汽車,820高雄市岡山區中山南路386號,07 623 0625,,,,,,,,,,,,,,,,,,,,,,,
鈺昆汽車企業社,820高雄市岡山區碧紅街169號,07 624 1111,,,,,,,,,,,,,,,,,,,,,,,
明順汽車保養廠,824高雄市燕巢區角宿路59號,07 616 4460,,,,,,,,,,,,,,,,,,,,,,,
路馳揚彌陀中正東店-允大汽車保養廠,827高雄市彌陀區中正東路250號,07 619 4427,,,,,,,,,,,,,,,,,,,,,,,
健新汽車保養廠,830高雄市鳳山區自由路24號,07 741 2802,,,,,,,,,,,,,,,,,,,,,,,
宇成汽車維修保養廠-高雄五甲&鳯山,830高雄市鳳山區五甲三路164巷168-8號,0932 785 911,,,,,,,,,,,,,,,,,,,,,,,
元福汽車修護保養廠,830高雄市鳳山區光復路二段258號,07 743 6285,,,,,,,,,,,,,,,,,,,,,,,
百勝汽車修護廠,830高雄市鳳山區澄清路51號,07 747 8761,,,,,,,,,,,,,,,,,,,,,,,
正菖汽車保養廠(鳳山),830高雄市鳳山區華興街195號,07 713 4084,,,,,,,,,,,,,,,,,,,,,,,
永通汽車保養場,830高雄市鳳山區青年路二段473號,07 777 6750,,,,,,,,,,,,,,,,,,,,,,,
頂安車業,830高雄市鳳山區頂庄路141號號,07 796 5810,,,,,,,,,,,,,,,,,,,,,,,
旗勝車業,830高雄市鳳山區鳳頂路405號,0989 101 142,,,,,,,,,,,,,,,,,,,,,,,
福鑫汽車有限公司,830高雄市鳳山區輜汽北一路3號,07 722 5711,,,,,,,,,,,,,,,,,,,,,,,
冠向企業有限公司,831高雄市大寮區鳳林路四段563號,07 643 0106,,,,,,,,,,,,,,,,,,,,,,,
車晟汽車修護廠,831高雄市大寮區光明路一段31巷120之1號,0915 669 572,,,,,,,,,,,,,,,,,,,,,,,
順心汽車修護廠,831高雄市大寮區光明路二段825-1號,07 787 7410,,,,,,,,,,,,,,,,,,,,,,,
永元興汽車保養廠,831高雄市大寮區大寮路1號,0981 253 705,,,,,,,,,,,,,,,,,,,,,,,
路路安汽修連鎖-大發有進店,831高雄市大寮區鳳林三路16號,07 788 0596,,,,,,,,,,,,,,,,,,,,,,,
鼎億車業,831高雄市大寮區鳳林三路408號,0968 923 811,,,,,,,,,,,,,,,,,,,,,,,
瑞昌汽車修配廠有限公司,832高雄市林園區信義路89號,07 645 2278,,,,,,,,,,,,,,,,,,,,,,,
安達仕汽修聯盟-林園裕鑫店,832高雄市林園區沿海路三段38號,07 642 5364,,,,,,,,,,,,,,,,,,,,,,,
車友汽車百貨生活館,832高雄市林園區沿海路四段63號,07 646 4987,,,,,,,,,,,,,,,,,,,,,,,
新生車工處,832高雄市林園區潭平路155號,07 641 2849,,,,,,,,,,,,,,,,,,,,,,,
帝壹汽車,832高雄市林園區鳳林路一段216號,07 643 3317,,,,,,,,,,,,,,,,,,,,,,,
宜坤汽車修理廠,833高雄市鳥松區水管路37-21號C棟,0965 580 717,,,,,,,,,,,,,,,,,,,,,,,
泓慶汽車保修廠,833高雄市鳥松區美山路166-11號,0927 639 198,,,,,,,,,,,,,,,,,,,,,,,
鴻國汽車修護廠,840高雄市大樹區九大路120號,07 651 2801,,,,,,,,,,,,,,,,,,,,,,,
新大成車業行,103台北市大同區延平北路三段65號之2號,02 2591 5528,,,,,,,,,,,,,,,,,,,,,,,
松吉汽車快速保養廠,105台北市松山區健康路308號,02 2762 1281,,,,,,,,,,,,,,,,,,,,,,,
乾盛實業,105台北市松山區八德路四段106巷4弄1號,02 2760 5747,,,,,,,,,,,,,,,,,,,,,,,
全威汽車修配廠,110台北市信義區松仁路170號,02 2729 4619,,,,,,,,,,,,,,,,,,,,,,,
昇群汽車,115台北市南港區南港路三段129號,02 2782 9729,,,,,,,,,,,,,,,,,,,,,,,
秀明汽車,116台北市文山區木柵路五段28號,02 2230 3086,,,,,,,,,,,,,,,,,,,,,,,
億倫汽車專業維修,116台北市文山區木柵路四段29號,02 2230 3650,,,,,,,,,,,,,,,,,,,,,,,
東源汽車工程行,201基隆市信義區東信路330號,02 2426 9997,,,,,,,,,,,,,,,,,,,,,,,
皇成汽車商行,201基隆市信義區深澳坑路11號之1號,0933 077 091,,,,,,,,,,,,,,,,,,,,,,,
佳弘汽車維修廠,201基隆市信義區深澳坑路57號,,,,,,,,,,,,,,,,,,,,,,,,
MICHELIN米其林輪胎-宏冠店,204基隆市安樂區崇德路1號,02 2420 2267,,,,,,,,,,,,,,,,,,,,,,,
岷峰汽車修護所,206基隆市七堵區實踐路150號,02 2451 9549,,,,,,,,,,,,,,,,,,,,,,,
東宏輪胎汽車保養廠(碇內店),206基隆市七堵區明德一路88號,02 2456 6219,,,,,,,,,,,,,,,,,,,,,,,
錦藝汽車保養所,206基隆市七堵區福五街186號,02 2451 2268,,,,,,,,,,,,,,,,,,,,,,,
三亨汽車,221新北市汐止區中興路96巷3號,02 2643 2257,,,,,,,,,,,,,,,,,,,,,,,
廣銓汽車修理,221新北市汐止區大同路一段337巷16弄47號,02 2647 2628,,,,,,,,,,,,,,,,,,,,,,,
德源汽車修護廠,221新北市汐止區大同路二段41巷1號,02 2647 8548,,,,,,,,,,,,,,,,,,,,,,,
民和汽車商行,221新北市汐止區大同路二段53巷2號,02 2641 3244,,,,,,,,,,,,,,,,,,,,,,,
鴻智車業,221新北市汐止區康寧街340號,02 2692 2776,,,,,,,,,,,,,,,,,,,,,,,
驊慶車業,221新北市汐止區福德二路230號,02 2695 9222,,,,,,,,,,,,,,,,,,,,,,,
昭豪汽車,222新北市深坑區文山路二段30巷41號,02 2664 0857,,,,,,,,,,,,,,,,,,,,,,,
方圓之間老車維修站,237新北市三峽區復興路179-8號,,,,,,,,,,,,,,,,,,,,,,,,
合發汽車電機,237新北市三峽區復興路84號,02 2671 2845,,,,,,,,,,,,,,,,,,,,,,,
中隆汽車有限公司,239新北市鶯歌區鶯桃路38號,02 2670 6123,,,,,,,,,,,,,,,,,,,,,,,
CS車宮車業,243新北市泰山區中港西路360號,02 8531 8555,,,,,,,,,,,,,,,,,,,,,,,
Mark Racing MK車業 保養、維修及改裝,243新北市泰山區文程路26號,0925 567 830,,,,,,,,,,,,,,,,,,,,,,,
迪歐星國際車業 Toption,243新北市泰山區新五路一段10-29號,02 2900 3030,,,,,,,,,,,,,,,,,,,,,,,
旭辰車業(汽車維修保養廠）,243新北市泰山區楓江路46巷63-5號,02 8531 4714,,,,,,,,,,,,,,,,,,,,,,,
普利擎汽車專業保養中心-勁磊,243新北市泰山區楓江路48之1號,02 2297 6001,,,,,,,,,,,,,,,,,,,,,,,
德祥汽車修車廠,243新北市泰山區泰山路131號,,,,,,,,,,,,,,,,,,,,,,,,
Protune Engineering 跑騰動力調校,243新北市泰山區泰林路二段28-2號,02 2297 1173,,,,,,,,,,,,,,,,,,,,,,,
嘉實多護車保養站-嘉原店,243新北市泰山區泰林路二段394號,02 2900 1939,,,,,,,,,,,,,,,,,,,,,,,
林口建興汽車,244新北市林口區文化二路一段338號,02 2600 7039,,,,,,,,,,,,,,,,,,,,,,,
大川汽車保養廠,248新北市五股區成泰路三段107號,02 2291 3277,,,,,,,,,,,,,,,,,,,,,,,
昇堡車用音響,248新北市五股區成泰路三段414巷2-1號,02 8292 2776,,,,,,,,,,,,,,,,,,,,,,,
車鄉汽車,248新北市五股區成泰路四段22巷16-11號,02 2291 8099,,,,,,,,,,,,,,,,,,,,,,,
菘宏汽車,249新北市林口區中華路283號,02 2601 9911,,,,,,,,,,,,,,,,,,,,,,,
清隆車廠,251新北市淡水區中正東路一段21巷33號,,,,,,,,,,,,,,,,,,,,,,,,
友銘,251新北市淡水區民權路88-5號,0917 202 090,,,,,,,,,,,,,,,,,,,,,,,
HOT保修大聯盟 金星汽車,260宜蘭縣宜蘭市中山路一段112號,03 951 8168,,,,,,,,,,,,,,,,,,,,,,,
SUM優質車商聯盟-文勝國際汽車,260宜蘭縣宜蘭市中山路一段250之2號,03 925 1557,,,,,,,,,,,,,,,,,,,,,,,
HOT保修大聯盟 龍成汽車,260宜蘭縣宜蘭市中山路一段390號號,03 925 6330,,,,,,,,,,,,,,,,,,,,,,,
YUASA湯淺電池-宜蘭大華總代理 (宜蘭總店),260宜蘭縣宜蘭市中山路二段52號,03 932 3700,,,,,,,,,,,,,,,,,,,,,,,
鈞祐汽車修理廠,260宜蘭縣宜蘭市中山路五段223號,03 928 0705,,,,,,,,,,,,,,,,,,,,,,,
泰連汽車行,260宜蘭縣宜蘭市中山路五段332號,03 928 6220,,,,,,,,,,,,,,,,,,,,,,,
冠盈材料行,260宜蘭縣宜蘭市同慶街72號,03 933 3160,,,,,,,,,,,,,,,,,,,,,,,
家興汽車保養廠,260宜蘭縣宜蘭市女中路一段260號,03 937 2233,,,,,,,,,,,,,,,,,,,,,,,
臣歐汽車有限公司,260宜蘭縣宜蘭市宜蘭市中山路1段558號,03 925 3310,,,,,,,,,,,,,,,,,,,,,,,
基益電機行,260宜蘭縣宜蘭市新興路115號,03 932 3673,,,,,,,,,,,,,,,,,,,,,,,
展業,260宜蘭縣宜蘭市東港路34巷18-1號,,,,,,,,,,,,,,,,,,,,,,,,
HOT大聯盟 展宇汽車,260宜蘭縣宜蘭市東港路一段281號,03 937 2389,,,,,,,,,,,,,,,,,,,,,,,
MICHELIN米其林輪胎-佑恩店,262宜蘭縣礁溪鄉礁溪路二段55號,03 928 4894,,,,,,,,,,,,,,,,,,,,,,,
嘉實多護車保養站-協進店,262宜蘭縣礁溪鄉礁溪路五段30號,03 988 1056,,,,,,,,,,,,,,,,,,,,,,,
日日旺車業,265宜蘭縣羅東鎮中山路二段361號,03 957 6458,,,,,,,,,,,,,,,,,,,,,,,
佳揚車業,265宜蘭縣羅東鎮純精路三段113號1樓,3890257,,,,,,,,,,,,,,,,,,,,,,,
文美汽車廣場,265宜蘭縣羅東鎮純精路三段222之1號,03 956 8836,,,,,,,,,,,,,,,,,,,,,,,
SUM中古車賞車網-合勝汽車,268宜蘭縣五結鄉中正路二段181號,03 965 1000,,,,,,,,,,,,,,,,,,,,,,,
HOT大聯盟 冠頡汽車,269宜蘭縣冬山鄉三星路一段168號,03 951 8286,,,,,,,,,,,,,,,,,,,,,,,
立興企業社,269宜蘭縣冬山鄉冬山路三段176號,03 958 4938,,,,,,,,,,,,,,,,,,,,,,,
HOT大聯盟 駿千汽車,269宜蘭縣冬山鄉冬山路三段576號,03 968 0858,,,,,,,,,,,,,,,,,,,,,,,
上興汽車修理廠,269宜蘭縣冬山鄉冬山路二段456號,03 958 8960,,,,,,,,,,,,,,,,,,,,,,,
勝威企業社,269宜蘭縣冬山鄉冬山路二段686號,03 958 8041,,,,,,,,,,,,,,,,,,,,,,,
推進技研,269宜蘭縣冬山鄉富堵二路77號266,0930 894 563,,,,,,,,,,,,,,,,,,,,,,,
立順汽車企業社,269宜蘭縣冬山鄉義成路三段168號,03 958 9670,,,,,,,,,,,,,,,,,,,,,,,
毅鼎汽車修理廠,269宜蘭縣冬山鄉鹿埔路461巷8號,,,,,,,,,,,,,,,,,,,,,,,,
聯順企業社,269宜蘭縣冬山鄉鹿安路518號,03 958 5718,,,,,,,,,,,,,,,,,,,,,,,
亞利安電子(汽車電腦維修),300新竹市北區吉羊路48巷5號,0918 784 237,,,,,,,,,,,,,,,,,,,,,,,
新昌汽車,300新竹市北區東大路二段683號,03 531 1007,,,,,,,,,,,,,,,,,,,,,,,
鑫豐車業有限公司,300新竹市東區光復路一段679號,03 577 3475,,,,,,,,,,,,,,,,,,,,,,,
新竹 進發輪胎車業 光復店,300新竹市東區光復路二段36號,03 571 8605,,,,,,,,,,,,,,,,,,,,,,,
金宏汽車保養廠,300新竹市東區埔頂路346號,03 668 7669,,,,,,,,,,,,,,,,,,,,,,,
駿業車業,300新竹市東區學府路357號,03 572 7049,,,,,,,,,,,,,,,,,,,,,,,
瑞豐汽車保養廠,300新竹市東區忠孝路271號,03 571 8299,,,,,,,,,,,,,,,,,,,,,,,
國靖汽車保養廠,300新竹市東區忠孝路37號,03 572 0485,,,,,,,,,,,,,,,,,,,,,,,
永富工業社,300新竹市東區振興路15號,03 523 4889,,,,,,,,,,,,,,,,,,,,,,,
全宏汽車修護廠,300新竹市東區柴橋路10號,03 520 5870,,,,,,,,,,,,,,,,,,,,,,,
翔威汽車企業社,300新竹市東區經國路一段458之2號,03 531 1775,,,,,,,,,,,,,,,,,,,,,,,
利曼車坊,300新竹市東區高峰路384號,03 561 5556,,,,,,,,,,,,,,,,,,,,,,,
豐禾汽車有限公司,300新竹市東區高翠路230號,03 561 4939,,,,,,,,,,,,,,,,,,,,,,,
星芃車坊,300新竹市香山區中華路五段420巷166弄90號,03 530 7912,,,,,,,,,,,,,,,,,,,,,,,
沁景車坊 AutoFat,300新竹市香山區中華路五段652號,03 537 0228,,,,,,,,,,,,,,,,,,,,,,,
德國馬牌輪胎BestDrive旗艦店－轟鑫汽車新竹店(國達),300新竹市香山區牛埔南路458號,03 538 3378,,,,,,,,,,,,,,,,,,,,,,,
新盛汽車有限公司,300新竹市香山區牛埔東路616號,03 530 1399,,,,,,,,,,,,,,,,,,,,,,,
進發汽車修理廠,300新竹市香山區牛埔路182巷1號,03 538 7935,,,,,,,,,,,,,,,,,,,,,,,
泰鑫汽車修理廠,300新竹市香山區虎林街129號,0937 137 963,,,,,,,,,,,,,,,,,,,,,,,
宏茂汽車保養廠,300新竹縣新豐鄉新興路66-1號,03 557 8951,,,,,,,,,,,,,,,,,,,,,,,
協泰車體鈑金廠有限公司 汽車鈑金 | 烤漆 | 大樑校正 | 汽車維修保養,302新竹縣竹北市中和街191巷6號,03 555 4441,,,,,,,,,,,,,,,,,,,,,,,
長鴻企汽車專業保養維修廠,302新竹縣竹北市中華路574號,03 551 9416,,,,,,,,,,,,,,,,,,,,,,,
桃苗汽車,302新竹縣竹北市中華路765號,03 551 5135,,,,,,,,,,,,,,,,,,,,,,,
永泓汽車修護廠,302新竹縣竹北市中華路一巷80號之一,0986 127 050,,,,,,,,,,,,,,,,,,,,,,,
wise stone RV 睿岩休旅 車架專賣,302新竹縣竹北市六家五路二段192號,0919 132 105,,,,,,,,,,,,,,,,,,,,,,,
Car2TW 晁積企業有限公司,302新竹縣竹北市復興六路25號5樓,03 667 6686,,,,,,,,,,,,,,,,,,,,,,,
台元汽車有限公司,302新竹縣竹北市環北路一段301巷8號,03 656 3766,,,,,,,,,,,,,,,,,,,,,,,
國際汽車,302新竹縣竹北市環北路二段243巷16-1號,03 656 6941,,,,,,,,,,,,,,,,,,,,,,,
嘉德汽車保養廠,302新竹縣竹北市福興路440號,0935 767 670,,,,,,,,,,,,,,,,,,,,,,,
盛大車行,303新竹縣湖口鄉中山路二段260號,03 599 1346,,,,,,,,,,,,,,,,,,,,,,,
宏宇汽車修理廠,303新竹縣湖口鄉中正路三段137號,03 569 0651,,,,,,,,,,,,,,,,,,,,,,,
泰成捷車業,303新竹縣湖口鄉成功路414號,0985 618 176,,,,,,,,,,,,,,,,,,,,,,,
宏全汽車保養,303新竹縣湖口鄉成功路455號,03 590 0567,,,,,,,,,,,,,,,,,,,,,,,
ACDelco廣泰汽車修護廠,303新竹縣湖口鄉成功路482號,03 599 8200,,,,,,,,,,,,,,,,,,,,,,,
德勝車業,303新竹縣湖口鄉新興路429號,03 557 6930,,,,,,,,,,,,,,,,,,,,,,,
大益汽車修配廠,303新竹縣湖口鄉新興路708之1號,03 557 1536,,,,,,,,,,,,,,,,,,,,,,,
統一汽車保養廠,303新竹縣湖口鄉民生街329號,03 590 4762,,,,,,,,,,,,,,,,,,,,,,,
川曜車業,303新竹縣湖口鄉達生路115號,03 590 6550,,,,,,,,,,,,,,,,,,,,,,,
昇鴻汽車修理廠,304新竹縣新豐鄉鳳坑村坑子口569之5號,03 557 6773,,,,,,,,,,,,,,,,,,,,,,,
觀達汽車修理廠,305新竹縣新埔鎮中正路81號,03 588 1881,,,,,,,,,,,,,,,,,,,,,,,
正益車體,305新竹縣新埔鎮文山路犂頭山段525-527號,,,,,,,,,,,,,,,,,,,,,,,,
永宏汽車保養廠,305新竹縣新埔鎮文德路二段339巷16號,0913 815 720,,,,,,,,,,,,,,,,,,,,,,,
南益汽車修理工廠,305新竹縣新埔鎮義民路一段30號,03 588 2149,,,,,,,,,,,,,,,,,,,,,,,
鴻通汽車修理廠,306新竹縣關西鎮中豐路二段35號,03 587 2965,,,,,,,,,,,,,,,,,,,,,,,
東漢汽車機械修理廠,306新竹縣關西鎮中豐路二段63號,03 587 2976,,,,,,,,,,,,,,,,,,,,,,,
聯友汽車修理廠,307新竹縣芎林鄉富林路二段738號,0935 016 883,,,,,,,,,,,,,,,,,,,,,,,
義平汽車,310新竹縣竹東鎮中興路二段35號號,,,,,,,,,,,,,,,,,,,,,,,,
文翔汽車保養所,310新竹縣竹東鎮中興路四段550號,03 583 3793,,,,,,,,,,,,,,,,,,,,,,,
金順汽車修護廠,310新竹縣竹東鎮中興路四段59號,0916 508 520,,,,,,,,,,,,,,,,,,,,,,,
嘉實多護車保養站-高士輪胎行,310新竹縣竹東鎮中豐路二段242號,03 595 7991,,,,,,,,,,,,,,,,,,,,,,,
億聖汽美保修工坊,310新竹縣竹東鎮公道路958號,03 582 2796,,,,,,,,,,,,,,,,,,,,,,,
紘昇車業,310新竹縣竹東鎮北平路24號,03 596 8686,,,,,,,,,,,,,,,,,,,,,,,
苗星汽車保養廠,310新竹縣竹東鎮北興路一段80號,03 594 0227,,,,,,,,,,,,,,,,,,,,,,,
偉勝汽車修理廠,310新竹縣竹東鎮工業二路131號,03 594 4966,,,,,,,,,,,,,,,,,,,,,,,
育歆汽車工坊,310新竹縣竹東鎮柯湖路一段16巷10號,03 583 6115,,,,,,,,,,,,,,,,,,,,,,,
PB車業,320桃園市中壢區中園路二段666號,03 463 9173,,,,,,,,,,,,,,,,,,,,,,,
正星汽車修護廠,320桃園市中壢區中正路四段755-1號,03 498 5992,,,,,,,,,,,,,,,,,,,,,,,
聖揚汽車修理廠-24H道路救援/引擎鈑金烤漆/中古汽車買賣/代辦保險,320桃園市中壢區內定二街427號,03 463 8587,,,,,,,,,,,,,,,,,,,,,,,
旭良汽車保養廠,324桃園市平鎮區南豐路153號,03 469 8260,,,,,,,,,,,,,,,,,,,,,,,
豐石修車廠,324桃園市平鎮區建明路一段179號,,,,,,,,,,,,,,,,,,,,,,,,
德成汽車企業,324桃園市平鎮區民族路雙連二段113巷30之9號,03 420 0236,,,,,,,,,,,,,,,,,,,,,,,
嘉實多護車保養站-孟政汽車,325桃園市龍潭區中正路29號,03 479 8142,,,,,,,,,,,,,,,,,,,,,,,
通達汽車修理廠,325桃園市龍潭區中正路426號,03 479 5627,,,,,,,,,,,,,,,,,,,,,,,
弘昌汽車保養廠,325桃園市龍潭區中正路619號,03 489 2646,,,,,,,,,,,,,,,,,,,,,,,
SUM聯輝汽車保修,325桃園市龍潭區中正路佳安段369號,03 471 3875,,,,,,,,,,,,,,,,,,,,,,,
義和汽車修配廠,325桃園市龍潭區中興路20號,03 479 9583,,,,,,,,,,,,,,,,,,,,,,,
富春汽車修理保養廠,325桃園市龍潭區中興路490之2號,03 479 5402,,,,,,,,,,,,,,,,,,,,,,,
長和汽車修配廠,325桃園市龍潭區中豐路448號,0910 940 205,,,,,,,,,,,,,,,,,,,,,,,
連勝汽車,325桃園市龍潭區中豐路742號,03 480 5026,,,,,,,,,,,,,,,,,,,,,,,
毛德龍汽車醫院,325桃園市龍潭區中豐路上林段30-1號,03 409 1403,,,,,,,,,,,,,,,,,,,,,,,
福陞汽車,325桃園市龍潭區大昌路一段300號,03 489 1335,,,,,,,,,,,,,,,,,,,,,,,
竣太汽修廠,325桃園市龍潭區文化路12-3號,03 471 4015,,,,,,,,,,,,,,,,,,,,,,,
聯合汽修廠,325桃園市龍潭區文化路160號,03 471 3134,,,,,,,,,,,,,,,,,,,,,,,
全民汽車修理廠,325桃園市龍潭區文化路25之1號,03 471 1685,,,,,,,,,,,,,,,,,,,,,,,
信益車業,325桃園市龍潭區東龍路354號,03 489 1022,,,,,,,,,,,,,,,,,,,,,,,
秉田汽車保修廠,325桃園市龍潭區神龍路174號,03 489 7559,,,,,,,,,,,,,,,,,,,,,,,
益園汽車代檢維修場,325桃園市龍潭區聖亭路186號,03 479 0726,,,,,,,,,,,,,,,,,,,,,,,
新豐汽車修理廠,325桃園市龍潭區華南路14號,03 479 9868,,,,,,,,,,,,,,,,,,,,,,,
堅固車體汽修廠,325桃園市龍潭區高楊南路31號,03 471 0751,,,,,,,,,,,,,,,,,,,,,,,
川崎自動車-汽車保養廠,325桃園市龍潭區龍華路560號,0977 335 361,,,,,,,,,,,,,,,,,,,,,,,
友信汽車修理廠,325桃園市龍潭區龍華路604號,03 479 2283,,,,,,,,,,,,,,,,,,,,,,,
有春汔車廠,325桃園市龍潭鄉中正路佳安段395號,03 471 2589,,,,,,,,,,,,,,,,,,,,,,,
合春汽車保養廠(富岡廠),326桃園市楊梅區富路三段666號,03 472 4314,,,,,,,,,,,,,,,,,,,,,,,
裕豐汽車保養廠,326桃園市楊梅區民富路三段646號,03 472 5239,,,,,,,,,,,,,,,,,,,,,,,
明鑫修車,326桃園市蘆竹區新興街64號一樓,,,,,,,,,,,,,,,,,,,,,,,,
安良修車場,327桃園市新屋區中山東路一段173號號,03 477 1737,,,,,,,,,,,,,,,,,,,,,,,
泉新屋汽車保養修護廠,327桃園市新屋區中山東路一段270號,03 477 8453,,,,,,,,,,,,,,,,,,,,,,,
萬福汽車修理廠,327桃園市新屋區中山東路一段533號,03 477 3020,,,,,,,,,,,,,,,,,,,,,,,
金典汽車廠,327桃園市新屋區中山西路一段322號,03 487 0456,,,,,,,,,,,,,,,,,,,,,,,
永昌汽車修理廠,327桃園市新屋區中山路3之1號,03 477 9500,,,,,,,,,,,,,,,,,,,,,,,
新屋 百翊汽車,327桃園市新屋區中山路553號,03 477 9466,,,,,,,,,,,,,,,,,,,,,,,
萬達汽車保修廠-嘉實多機油「保養/底盤/輪胎/引擎/冷氣/碟盤加工」,327桃園市新屋區中華路640號,03 477 3099,,,,,,,,,,,,,,,,,,,,,,,
百城汽車修理廠,327桃園市新屋區成功路326號,03 497 1177,,,,,,,,,,,,,,,,,,,,,,,
GOODYEAR固特異輪胎(吉旺車業行),327桃園市新屋區文化路二段2026號,03 486 3595,,,,,,,,,,,,,,,,,,,,,,,
柏昇車體新屋廠,327桃園市新屋區社子里36-1號,03 476 6788,,,,,,,,,,,,,,,,,,,,,,,
東海輪胎行,328桃園市觀音區中山路一段473號,03 473 3245,,,,,,,,,,,,,,,,,,,,,,,
榮大車業行,328桃園市觀音區中山路二段588號,03 498 1366,,,,,,,,,,,,,,,,,,,,,,,
明佳汽車修理廠,328桃園市觀音區大觀路一段300-1號,03 483 8105,,,,,,,,,,,,,,,,,,,,,,,
新宏昌車業行,328桃園市觀音區大觀路二段190號,03 483 0910,,,,,,,,,,,,,,,,,,,,,,,
合豐汽車保養廠,328桃園市觀音區忠孝路388號,03 483 9801,,,,,,,,,,,,,,,,,,,,,,,
友盛氣車修理廠,328桃園市觀音區成功路一段196號,03 483 6331,,,,,,,,,,,,,,,,,,,,,,,
銘豐汽車保養廠(觀音工業區),328桃園市觀音區成功路一段679號,03 483 1214,,,,,,,,,,,,,,,,,,,,,,,
富有修車廠,328桃園市觀音區新生路120號,03 498 4437,,,,,,,,,,,,,,,,,,,,,,,
赫鴻汽車,328桃園市觀音區新華路二段397號,03 282 5066,,,,,,,,,,,,,,,,,,,,,,,
成全利汽車保養,333桃園市龜山區文化一路10巷42弄27號,03 328 1806,,,,,,,,,,,,,,,,,,,,,,,
耀馬國際(羅德車業),333桃園市龜山區文化一路86-26號,03 397 0066,,,,,,,,,,,,,,,,,,,,,,,
金陽保修汽柴油車,334桃園市八德區和強路127號,03 376 9029,,,,,,,,,,,,,,,,,,,,,,,
嘉實多護車保養站-勝隆店,335桃園市大溪區中華路381之1號,03 387 7936,,,,,,,,,,,,,,,,,,,,,,,
車界汽車保養場,335桃園市大溪區介壽路473號,03 389 1947,,,,,,,,,,,,,,,,,,,,,,,
絕品車坊,335桃園市大溪區介壽路494號,0926 299 799,,,,,,,,,,,,,,,,,,,,,,,
全伸汽車修配廠,335桃園市大溪區信義路197號,03 388 3188,,,,,,,,,,,,,,,,,,,,,,,
衍昌修車廠,335桃園市大溪區復興路103號,03 388 7220,,,,,,,,,,,,,,,,,,,,,,,
順昌汽車保修廠(普利司通輪胎行),335桃園市大溪區復興路225 號,03 387 2112,,,,,,,,,,,,,,,,,,,,,,,
進財汽車修理廠,335桃園市大溪區月眉里82-8號,03 387 0536,,,,,,,,,,,,,,,,,,,,,,,
龍馬汽車保養廠,335桃園市大溪區永昌路139號,03 389 3885,,,,,,,,,,,,,,,,,,,,,,,
永昌汽車保養廠,335桃園市大溪區金城路64號,03 388 8723,,,,,,,,,,,,,,,,,,,,,,,
福信汽車修理廠,337桃園市大園區三民路一段172號,03 383 6800,,,,,,,,,,,,,,,,,,,,,,,
全泰汽車零件修理廠,337桃園市大園區中正東路403號,03 386 3787,,,,,,,,,,,,,,,,,,,,,,,
汽車保養維修廠 (德鑫汽車）,337桃園市大園區五青路468巷183號,0917 517 582,,,,,,,,,,,,,,,,,,,,,,,
汽車修理廠,337桃園市大園區和平東路8號,03 385 1391,,,,,,,,,,,,,,,,,,,,,,,
長泰汽車修理場,337桃園市大園區國際路三段356號,03 383 5070,,,,,,,,,,,,,,,,,,,,,,,
正大汽車零件行,337桃園市大園區平安路168號,03 386 3482,,,,,,,,,,,,,,,,,,,,,,,
皇斌汽車保養廠,337桃園市大園區民生路2之1號,03 386 8850,,,,,,,,,,,,,,,,,,,,,,,
慶安汽車修理廠,337桃園市觀音區大觀路17號,03 483 0993,,,,,,,,,,,,,,,,,,,,,,,
宏展輪胎,745台南市安定區港口244之31號,0913 005 267,,,,,,,,,,,,,,,,,,,,,,,
士豪汽車修配廠,435台灣台中市梧棲區中華路二段657號,,,,,,,,,,,,,,,,,,,,,,,,
大成汽車修配廠,520台灣彰化縣田中鎮員集路三段310號,,,,,,,,,,,,,,,,,,,,,,,,
日春汽車,516台灣彰化縣埔鹽鄉好金路3之7號,,,,,,,,,,,,,,,,,,,,,,,,
永祥汽車修護,522台灣彰化縣田尾鄉中山路一段530號,,,,,,,,,,,,,,,,,,,,,,,,
生富車體,515台灣彰化縣大村鄉中正東路274之8號,,,,,,,,,,,,,,,,,,,,,,,,
立全汽車保養修配廠,508台灣彰化縣和美鎮和港路410之1號,,,,,,,,,,,,,,,,,,,,,,,,
光富車業,437台灣台中市大甲區中山路一段586號,,,,,,,,,,,,,,,,,,,,,,,,
坤威汽車,42742台灣台中市潭子區豐興路二段431之8號,,,,,,,,,,,,,,,,,,,,,,,,
明利車行,513台灣彰化縣埔心鄉中正路一段52號,,,,,,,,,,,,,,,,,,,,,,,,
育群汽車,358台灣苗栗縣苑裡鎮140縣道,,,,,,,,,,,,,,,,,,,,,,,,
長榮汽車,35056台灣苗栗縣竹南鎮永貞路三段70號,,,,,,,,,,,,,,,,,,,,,,,,
晉德卡車柴油車修護,"42952台灣台中市神岡區台中 市 神岡 區 中 車 路 76-20 號 24.269324, 120.672170",,,,,,,,,,,,,,,,,,,,,,,,
國勝汽車,35151台灣苗栗縣頭份市民族路405號,,,,,,,,,,,,,,,,,,,,,,,,
都瑩汽車實業,510台灣彰化縣員林市員水路一段90號,,,,,,,,,,,,,,,,,,,,,,,,
進昌汽車修配廠,511台灣彰化縣社頭鄉媽祖廟街88號,,,,,,,,,,,,,,,,,,,,,,,,
順利汽車精休場,358台灣苗栗縣苑裡鎮舊社里,,,,,,,,,,,,,,,,,,,,,,,,
匯聯汽車,506台灣彰化縣福興鄉彰鹿路七段339號,,,,,,,,,,,,,,,,,,,,,,,,
彰億汽車,520台灣彰化縣田中鎮員集路三段382號,,,,,,,,,,,,,,,,,,,,,,,,
廣大汽車修配廠(汽車修理工廠),510台灣彰化縣員林市中山路一段99號,,,,,,,,,,,,,,,,,,,,,,,,
一順汽車修配廠,506台灣彰化縣福興鄉員鹿路二段42號,04 777 0642,,,,,,,,,,,,,,,,,,,,,,,
三和汽車修理保養輪胎廠,436台灣台中市清水區中山路513號,04 2623 7161,,,,,,,,,,,,,,,,,,,,,,,
上旺汽車保養廠,520台灣彰化縣田中鎮斗中路一段387號號,04 875 7352,,,,,,,,,,,,,,,,,,,,,,,
久益輪胎行,522台灣彰化縣田尾鄉中山路一段438號,04 883 6411,,,,,,,,,,,,,,,,,,,,,,,
千埕汽車修配工作室,524台灣彰化縣溪州鄉下田路16之3號,04 880 6357,,,,,,,,,,,,,,,,,,,,,,,
大信汽車修配廠,437台灣台中市大甲區中山路一段181號,04 2686 1895,,,,,,,,,,,,,,,,,,,,,,,
才能汽車修配廠,421台灣台中市后里區甲后路668號,04 2557 2638,,,,,,,,,,,,,,,,,,,,,,,
中庸汽車有限公司,421台灣台中市后里區三豐路四段116號,04 2557 7568,,,,,,,,,,,,,,,,,,,,,,,
允興輪胎行,43748台灣台中市大甲區八德街163號,04 2687 8567,,,,,,,,,,,,,,,,,,,,,,,
六三八汽車電機有限公司,358台灣苗栗縣苑裡鎮6913號358,03 786 1638,,,,,,,,,,,,,,,,,,,,,,,
友銓車業有限公司,508台灣彰化縣和美鎮德美路323號,04 755 7755,,,,,,,,,,,,,,,,,,,,,,,
日福汽車電機行,523台灣彰化縣埤頭鄉斗苑東路3巷67-2號,04 887 5330,,,,,,,,,,,,,,,,,,,,,,,
日穩汽車修配廠,421台灣台中市后里區月湖路76-5號,04 2557 7557,,,,,,,,,,,,,,,,,,,,,,,
王子汽車材料行,358台灣苗栗縣苑裡鎮中正102之2號,03 786 1085,,,,,,,,,,,,,,,,,,,,,,,
世發汽車修配場,408台灣台中市南屯區大墩路45號,04 2472 6238,,,,,,,,,,,,,,,,,,,,,,,
世興汽車修配廠,421台灣台中市后里區三豐路400之5號,04 2557 2751,,,,,,,,,,,,,,,,,,,,,,,
台中后里正一汽車修理,421台灣台中市后里區四月路38號號,04 2557 2736,,,,,,,,,,,,,,,,,,,,,,,
正佳四輪定位,513台灣彰化縣埔心鄉員鹿路三段133號,04 829 2130,,,,,,,,,,,,,,,,,,,,,,,
正新汽車電機行,423台灣台中市東勢區東關路六段1240號,04 2587 0201,,,,,,,,,,,,,,,,,,,,,,,
民富汽車事業,414台灣台中市烏日區中山路一段663號,04 2337 8659,,,,,,,,,,,,,,,,,,,,,,,
民豐汽車事業股份有限公司,437台灣台中市大甲區大安港路126號,04 2686 5408,,,,,,,,,,,,,,,,,,,,,,,
永勝汽車修配廠,437台灣台中市大甲區經國路1381號,04 2687 3735,,,,,,,,,,,,,,,,,,,,,,,
田尾原昌車業 - Y.C.M,522台灣彰化縣田尾鄉中山路一段139號,04 883 1768,,,,,,,,,,,,,,,,,,,,,,,
光祥電機汽車修理廠,358台灣苗栗縣苑裡鎮田心里4鄰31-5號,03 785 6266,,,,,,,,,,,,,,,,,,,,,,,
光輝汽車修護廠,404台灣台中市北區民權路224號,04 2203 9191,,,,,,,,,,,,,,,,,,,,,,,
全威汽車修護廠,412台灣台中市大里區東興路81號,04 2481 0288,,,,,,,,,,,,,,,,,,,,,,,
全泰車業4x4 LAND ROVER專門店 （英系車）,412台灣台中市大里區大峰路439號,04 2496 7691,,,,,,,,,,,,,,,,,,,,,,,
全勝汽車修配廠,514台灣彰化縣溪州鄉濱河街74巷50號,0919 506 501,,,,,,,,,,,,,,,,,,,,,,,
全發汽車修配廠,50941台灣彰化縣伸港鄉中正路40巷2號,04 799 3979,,,,,,,,,,,,,,,,,,,,,,,
全馳汽車保養廠,406台灣台中市北屯區瀋陽路一段73號,0939 177 855,,,,,,,,,,,,,,,,,,,,,,,
名揚車體有限公司,523台灣彰化縣埤頭鄉圳南路,04 892 7682,,,,,,,,,,,,,,,,,,,,,,,
旭威汽車保養廠,412台灣台中市大里區環中東路六段346號,04 2483 2897,,,,,,,,,,,,,,,,,,,,,,,
池泰慶車業-米其林輪胎東勢經銷商,423台灣台中市東勢區東關路七段176號,04 2588 0200,,,,,,,,,,,,,,,,,,,,,,,
至宏汽車修配廠,514台灣彰化縣溪湖鎮李厝路230巷53號,04 881 5858,,,,,,,,,,,,,,,,,,,,,,,
佑誠汽車,358台灣苗栗縣苑裡鎮126之3號,03 786 1563,,,,,,,,,,,,,,,,,,,,,,,
利安捷汽車有限公司,510台灣彰化縣員林市莒光路628號,04 835 9371,,,,,,,,,,,,,,,,,,,,,,,
吾修汽車修配場,406台灣台中市太平區樹孝路76之10號,04 2391 4737,,,,,,,,,,,,,,,,,,,,,,,
均憲汽車保養廠,352台灣苗栗縣三灣鄉民有街,03 783 4510,,,,,,,,,,,,,,,,,,,,,,,
享民汽車修理廠,351台灣苗栗縣頭份市中華路1258巷2號,03 766 3574,,,,,,,,,,,,,,,,,,,,,,,
佳昌汽車修配廠,369台灣苗栗縣卓蘭鎮興南街166號369,04 2589 6669,,,,,,,,,,,,,,,,,,,,,,,
協展汽車修配廠,358台灣苗栗县苑里镇7鄰91-3號,03 786 9017,,,,,,,,,,,,,,,,,,,,,,,
和興汽車修配場,508台灣彰化縣和美鎮德美路261號,04 755 6577,,,,,,,,,,,,,,,,,,,,,,,
尚宏汽車修配廠,514台灣彰化縣溪湖鎮二溪路二段196號,04 881 8585,,,,,,,,,,,,,,,,,,,,,,,
尚明汽車修配廠,358台灣苗栗縣苑裡鎮4鄰50-5號,03 774 2995,,,,,,,,,,,,,,,,,,,,,,,
忠杰汽車修配場,358台灣苗栗縣苑裡鎮大興路,03 785 2121,,,,,,,,,,,,,,,,,,,,,,,
忠信汽車行,530台灣彰化縣二水鄉員集路五段590號,04 874 5368,,,,,,,,,,,,,,,,,,,,,,,
拍踢鴨 (πtr Factory),351台灣苗栗縣頭份市中正三路6-1號,0917 881 825,,,,,,,,,,,,,,,,,,,,,,,
明峰汽車修配廠,514台灣彰化縣溪湖鎮竹頭仔路431巷30 號,04 881 4350,,,,,,,,,,,,,,,,,,,,,,,
明揚汽車修理廠,358台灣苗栗縣苑裡鎮中山路51號,03 786 1132,,,,,,,,,,,,,,,,,,,,,,,
明豐汽車修配所,423台灣台中市東勢區新寧街39號,04 2587 8958,,,,,,,,,,,,,,,,,,,,,,,
東大汽車修配,423台灣台中市東勢區東關路七段445號,04 2588 7869,,,,,,,,,,,,,,,,,,,,,,,
東昇汽車,407台灣台中市西屯區廣福路290-2號,04 2451 8548,,,,,,,,,,,,,,,,,,,,,,,
東泰汽車修配廠,509台灣彰化縣伸港鄉中興路三段552之2號,04 798 9621,,,,,,,,,,,,,,,,,,,,,,,
東益修車廠,42152台灣台中市后里區三豐路四段208號,04 2556 8650,,,,,,,,,,,,,,,,,,,,,,,
東陽汽車保養廠,421台灣台中市后里區七星街1號,04 2558 6006,,,,,,,,,,,,,,,,,,,,,,,
東勢汽車修理場,423台灣台中市東勢區公園路27號,04 2588 5821,,,,,,,,,,,,,,,,,,,,,,,
東億汽車,402台灣台中市南區美村南路142號,04 2261 7575,,,,,,,,,,,,,,,,,,,,,,,
東毅汽車材料行,358台灣苗栗縣苑裡鎮南房69之20號,03 786 0012,,,,,,,,,,,,,,,,,,,,,,,
金明輪汽車保養廠,500台灣彰化縣彰化市大埔路619之2號,04 711 2000,,,,,,,,,,,,,,,,,,,,,,,
金源修車廠,514台灣彰化縣溪湖鎮湳底路,04 882 2637,,,,,,,,,,,,,,,,,,,,,,,
阿財電機修配廠,437台灣台中市大甲區中山路路一段998-3號,04 2686 2058,,,,,,,,,,,,,,,,,,,,,,,
亮佳汽車修配廠,406台灣台中市北屯區樹孝路738號,04 2437 3881,,,,,,,,,,,,,,,,,,,,,,,
信祐汽車,500台灣彰化縣彰化市彰鹿路臨 198 之 5 號 彰 鹿 路 200 號 旁 巷 口 400 公 尺 處,04 761 0339,,,,,,,,,,,,,,,,,,,,,,,
冠全汽車,51449台灣彰化縣溪湖鎮員鹿路二段200號,04 882 2887,,,,,,,,,,,,,,,,,,,,,,,
冠昌汽車,412台灣台中市大里區瑞城一街216號,04 2492 9217,,,,,,,,,,,,,,,,,,,,,,,
勁輪車業,420台灣台中市豐原區自強街90號,04 2525 5733,,,,,,,,,,,,,,,,,,,,,,,
威盛汽車修配廠,428台灣台中市大雅區永和路97號1號B,04 2560 9723,,,,,,,,,,,,,,,,,,,,,,,
建利汽車修配廠,420台灣台中市豐原區圓環東路232號,04 2528 6808,,,,,,,,,,,,,,,,,,,,,,,
建和汽車修配廠,437台灣台中市大甲區經國路1485號,04 2686 8078,,,,,,,,,,,,,,,,,,,,,,,
政宏汽車有限公司,413台灣台中市霧峰區中正路569號,04 2331 2266,,,,,,,,,,,,,,,,,,,,,,,
昱昇汽車,358台灣苗栗縣苑裡鎮中正里15鄰123-5號,03 774 5679,,,,,,,,,,,,,,,,,,,,,,,
盈信汽車修配廠,510台灣彰化縣員林市中山路一段137號,04 835 1201,,,,,,,,,,,,,,,,,,,,,,,
郅盛興業有限公司,420台灣台中市豐原區國豐路三段145巷89號,04 2513 2666,,,,,,,,,,,,,,,,,,,,,,,
修車廠,526台灣彰化縣二林鎮西宅巷1號,04 890 3515,,,,,,,,,,,,,,,,,,,,,,,
原峰汽車修理廠,422台灣台中市石岡區豐勢路931號,04 2572 3816,,,,,,,,,,,,,,,,,,,,,,,
展暉汽車修理廠,421台灣台中市后里區三豐路329之1號,04 2557 3508,,,,,,,,,,,,,,,,,,,,,,,
振成汽車有限公司(維修保養廠)-汽車代檢廠,358台灣苗栗縣苑裡鎮1之6號,03 786 4616,,,,,,,,,,,,,,,,,,,,,,,
振富車體廠,358台灣苗栗縣苑裡鎮房裡里六鄰中山路六十九之二＋四號 苑裡鎮,03 786 0716,,,,,,,,,,,,,,,,,,,,,,,
晉奇汽車修配廠,358台灣苗栗縣苑裡鎮1鄰5-7號,03 774 1820,,,,,,,,,,,,,,,,,,,,,,,
晉明汽車,515台灣彰化縣大村鄉美港路461巷108號,04 852 4775,,,,,,,,,,,,,,,,,,,,,,,
晉祥汽車修護廠,51347台灣彰化縣埔心鄉中正路一段550號,0963 120 588,,,,,,,,,,,,,,,,,,,,,,,
泰安車業有限公司,505台灣彰化縣鹿港鎮民權路27號,04 777 5291,,,,,,,,,,,,,,,,,,,,,,,
泰和汽車行,526台灣彰化縣二林鎮二溪路七段526號,04 868 4934,,,,,,,,,,,,,,,,,,,,,,,
泰欣汽車修配廠,437台灣台中市大甲區中山路一段1322號,04 2687 0180,,,,,,,,,,,,,,,,,,,,,,,
泰金汽車修配廠 鈑金 烤漆,437台灣台中市大甲區經國路1483號之1號,0932 607 814,,,,,,,,,,,,,,,,,,,,,,,
泰富汽車修配廠,437台灣台中市大甲區中山路一段372之8號,04 2686 7393,,,,,,,,,,,,,,,,,,,,,,,
益成輪胎行,438台灣台中市外埔區甲東路38號號,04 2683 8928,,,,,,,,,,,,,,,,,,,,,,,
益伸汽車修配廠,511台灣彰化縣社頭鄉員集路三段40號,0963 104 126,,,,,,,,,,,,,,,,,,,,,,,
益昌汽車修配廠,437台灣台中市大甲區中山路一段1297號,04 2687 1130,,,,,,,,,,,,,,,,,,,,,,,
益杰廢車回收,420台灣台中市豐原區國豐路二段626號,04 2528 1158,,,,,,,,,,,,,,,,,,,,,,,
高明汽車修配廠,426台灣台中市新社區東新路二段,04 2582 3566,,,,,,,,,,,,,,,,,,,,,,,
國利汽車,408台灣台中市南屯區五權西路三段172號,04 2381 0140,,,,,,,,,,,,,,,,,,,,,,,
張汽車修理廠,512台灣彰化縣永靖鄉中山路三段373號,04 822 1608,,,,,,,,,,,,,,,,,,,,,,,
彬彬汽車行,520台灣彰化縣田中鎮中州路二段375號,04 875 4112,,,,,,,,,,,,,,,,,,,,,,,
盛全輪胎,504台灣彰化縣秀水鄉彰水路二段600之2號,04 769 2731,,,,,,,,,,,,,,,,,,,,,,,
祥悅汽車保修廠,420台灣台中市豐原區圓環北路一段320號,04 2526 6199,,,,,,,,,,,,,,,,,,,,,,,
翌勝汽車修護廠,520台灣彰化縣田中鎮斗中路一段391號,04 875 2787,,,,,,,,,,,,,,,,,,,,,,,
都瑩實業有限公司,510台灣彰化縣員林市員東路一段442號,04 833 1277,,,,,,,,,,,,,,,,,,,,,,,
勝凱汽車,51060台灣彰化縣員林市員水路一段102巷166弄91號,0937 806 511,,,,,,,,,,,,,,,,,,,,,,,
富元汽車修配場,358台灣苗栗縣苑裡鎮十鄰152號之一號,03 774 2567,,,,,,,,,,,,,,,,,,,,,,,
富升車業有限公司,505台灣彰化縣鹿港鎮505彰化縣鹿港鎮中山路82號,04 777 1580,,,,,,,,,,,,,,,,,,,,,,,
富晨車業,369台灣苗栗縣卓蘭鎮中正路26-6號,04 2589 8519,,,,,,,,,,,,,,,,,,,,,,,
景揚汽車保修場,514台灣彰化縣溪湖鎮竹福路92巷10號,0980 700 905,,,,,,,,,,,,,,,,,,,,,,,
翔新汽車,"號, No. 201至善路大里區台中市台灣 412",04 2496 7017,,,,,,,,,,,,,,,,,,,,,,,
進泰汽車修理廠,437台灣台中市大甲區中山路一段1129號,04 2687 2702,,,,,,,,,,,,,,,,,,,,,,,
順民汽車,520台灣彰化縣田中鎮斗中路二段718號,04 874 7613,,,,,,,,,,,,,,,,,,,,,,,
順揚汽車修配廠,420台灣台中市豐原區永康路91號,04 2525 3115,,,,,,,,,,,,,,,,,,,,,,,
順發汽車修理廠,438台灣台中市外埔區甲后路三段681號,04 2683 2327,,,,,,,,,,,,,,,,,,,,,,,
順興汽車-彰化,506台灣彰化縣福興鄉員鹿路一段12號,04 774 4567,,,,,,,,,,,,,,,,,,,,,,,
黑手世界,414台灣台中市烏日區溪南路二段68巷250弄41-12號,04 2334 5002,,,,,,,,,,,,,,,,,,,,,,,
新東汽車保養場,510台灣彰化縣員林市中山路一段35號,04 839 6234,,,,,,,,,,,,,,,,,,,,,,,
新發汽車,412台灣台中市大里區立仁路12號,04 2277 3878,,,,,,,,,,,,,,,,,,,,,,,
源豐汽車修護保養廠,509台灣彰化縣伸港鄉中興路三段208號,04 799 8596,,,,,,,,,,,,,,,,,,,,,,,
瑞宬輪胎(馬牌專賣店),510台灣彰化縣員林市惠安街1號,04 839 1978,,,,,,,,,,,,,,,,,,,,,,,
萬國汽車修配廠,422台灣台中市石岡區豐勢路925號,04 2572 2074,,,,,,,,,,,,,,,,,,,,,,,
群元汽車保養修理廠,437台灣台中市大甲區中山路一段675號,04 2686 4543,,,,,,,,,,,,,,,,,,,,,,,
義文輪胎行,523台灣彰化縣埤頭鄉彰水路三段330號,04 892 2863,,,,,,,,,,,,,,,,,,,,,,,
義霖汽車保養廠,421台灣台中市后里區南村路290號之1號,04 2557 6296,,,,,,,,,,,,,,,,,,,,,,,
誠天汽車冷氣,351台灣苗栗縣頭份市永貞路一段248號351,0920 997 020,,,,,,,,,,,,,,,,,,,,,,,
嘉昇汽車保養廠,508台灣彰化縣和美鎮線東路三段140巷56號,04 735 7539,,,,,,,,,,,,,,,,,,,,,,,
嘉實多護車保養站,350台灣苗栗縣竹南鎮龍山路二段204號,03 755 2309,,,,,,,,,,,,,,,,,,,,,,,
嘉實多護車保養站,358台灣苗栗縣苑裡鎮信義路1之15號,03 786 9728,,,,,,,,,,,,,,,,,,,,,,,
嘉實多護車保養站,369台灣苗栗縣卓蘭鎮經國路95號,04 2589 4961,,,,,,,,,,,,,,,,,,,,,,,
嘉慶車業有限公司,412台灣台中市大里區長興一街20號,04 2406 4356,,,,,,,,,,,,,,,,,,,,,,,
豪成汽車修配廠,358台灣苗栗縣苑裡鎮新復91之2號,03 786 1108,,,,,,,,,,,,,,,,,,,,,,,
赫杰國際貿易有限公司汽機維修工具&赫杰車業汽修保養廠,"號, No. 591中山路一段, 大甲區台中市台灣 437",04 2686 9605,,,,,,,,,,,,,,,,,,,,,,,
銘太汽車修配廠,420台灣台中市豐原區鎌村路96號,04 2539 3866,,,,,,,,,,,,,,,,,,,,,,,
銘翃汽車修配廠,408台灣台中市南屯區忠勇路91號,04 2382 6395,,,,,,,,,,,,,,,,,,,,,,,
銘堅汽車修配廠,525台灣彰化縣竹塘鄉中央路二段1501號,04 897 4302,,,,,,,,,,,,,,,,,,,,,,,
廣大汽車保養廠,434台灣台中市龍井區臨港路一段220號號,04 2630 3889,,,,,,,,,,,,,,,,,,,,,,,
德全汽車,426台灣台中市新社區東新路二段31巷2號,04 2581 0909,,,,,,,,,,,,,,,,,,,,,,,
震展汽車材料行,437台灣台中市大甲區經國路357號,04 2688 9588,,,,,,,,,,,,,,,,,,,,,,,
聯誠汽車修配廠,358台灣苗栗縣苑裡鎮介壽路35號,03 785 7819,,,,,,,,,,,,,,,,,,,,,,,
點線面汽車修配廠,412台灣台中市大里區忠孝路47號,0927 097 838,,,,,,,,,,,,,,,,,,,,,,,
豐動引擎修護保養廠,509台灣彰化縣伸港鄉中興路二段22號,04 798 2531,,,,,,,,,,,,,,,,,,,,,,,
豐龍企業社,350台灣苗栗縣竹南鎮博愛街863號,03 755 0007,,,,,,,,,,,,,,,,,,,,,,,
豐鑫車業,420台灣台中市豐原區豐原大道六段420號835 之 6號,0972 623 728,,,,,,,,,,,,,,,,,,,,,,,
穩泰汽車修配廠,508台灣彰化縣和美鎮彰美路六段440號,04 755 3578,,,,,,,,,,,,,,,,,,,,,,,
寶仁汽車,423台灣台中市東勢區新盛街116號,04 2587 4459,,,,,,,,,,,,,,,,,,,,,,,
寶騰蓮花汽車大甲總公司(信甲國際）,437台灣台中市大甲區中山路一段976之3號,04 2688 1111,,,,,,,,,,,,,,,,,,,,,,,
鐿達汽車專業保修中心/彰化汽車維修/彰化汽車保養/彰化VAG車系維修/北斗汽車維修/北斗汽車保養/北斗汽車烤漆,521台灣彰化縣北斗鎮中興街81號,04 888 7453,,,,,,,,,,,,,,,,,,,,,,,
權鑫汽車修配二廠,43441台灣台中市龍井區向上路六段196號,04 2631 6195,,,,,,,,,,,,,,,,,,,,,,,
鑫源汽車,351台灣苗栗縣頭份市中華路815號號,03 768 1566,,,,,,,,,,,,,,,,,,,,,,,
AC Delco六友汽車修理保養輪胎定位鈑金烤漆美容洗車電瓶冷氣倍力機油,351台灣苗栗縣頭份市忠孝二路148號,03 759 1286,,,,,,,,,,,,,,,,,,,,,,,
HOT大聯盟 合興汽車,358台灣苗栗縣苑裡鎮自強街14巷27號,03 786 4935,,,,,,,,,,,,,,,,,,,,,,,
HOT大聯盟 松柏汽車,506台灣彰化縣福興鄉福正路179號,04 770 6290,,,,,,,,,,,,,,,,,,,,,,,
HOT大聯盟 建億汽車,358台灣苗栗縣苑裡鎮介壽路2號之 號,03 786 8622,,,,,,,,,,,,,,,,,,,,,,,
HOT大聯盟 泰金汽車,437台灣台中市大甲區經國路1483號1號,04 2680 4657,,,,,,,,,,,,,,,,,,,,,,,
HOT大聯盟 鹿豐汽車,505台灣彰化縣鹿港鎮鹿和路二段528號,04 778 2369,,,,,,,,,,,,,,,,,,,,,,,
HOT大聯盟 僑輪汽車,514台灣彰化縣溪湖鎮員鹿路二段168號,04 882 0358,,,,,,,,,,,,,,,,,,,,,,,
HOT保修大聯盟 正一汽車,421台灣台中市后里區甲后路1035號號,04 2558 3913,,,,,,,,,,,,,,,,,,,,,,,
HOT保修大聯盟 陸友汽車,514台灣彰化縣溪湖鎮忠溪路359號,04 881 4167,,,,,,,,,,,,,,,,,,,,,,,
MAXXIS瑪吉斯 - 興翰輪胎行,508台灣彰化縣和美鎮線東路二段520號,04 733 1906,,,,,,,,,,,,,,,,,,,,,,,
MICHELIN米其林輪胎-驛站店,420台灣台中市豐原區豐勢路二段497號,04 2512 2330,,,,,,,,,,,,,,,,,,,,,,,
SUM-億大汽車,514台灣彰化縣溪湖鎮員鹿路二段178號,04 881 4878,,,,,,,,,,,,,,,,,,,,,,,
SUM(力將汽車),437台灣台中市大甲區中山路一段1435號,04 2688 8928,,,,,,,,,,,,,,,,,,,,,,,
SUM(夢工廠保修),413台灣台中市霧峰區吉峰路88-1號,04 2332 9999,,,,,,,,,,,,,,,,,,,,,,,
SUM世和汽車,520台灣彰化縣田中鎮員集路三段378號,04 875 3235,,,,,,,,,,,,,,,,,,,,,,,
SUM信大汽車,437台灣台中市大甲區經國路2432號,04 2681 7388,,,,,,,,,,,,,,,,,,,,,,,
SUM優質車商聯盟,351台灣苗栗縣頭份市中正二路114號,03 761 4134,,,,,,,,,,,,,,,,,,,,,,,
SUM優質車商聯盟 京鉦汽車,420台灣台中市豐原區豐原大道四段588號,0932 514 510,,,,,,,,,,,,,,,,,,,,,,,
SUM優質車商聯盟-上正汽車,437台灣台中市大甲區經國路742號,04 2676 5568,,,,,,,,,,,,,,,,,,,,,,,
SUM優質車商聯盟-尚鼎汽車商行,514台灣彰化縣溪湖鎮員鹿路二段92號,04 882 5211,,,,,,,,,,,,,,,,,,,,,,,
SUM優質車商聯盟-英順汽車,505台灣彰化縣鹿港鎮鹿草路二段477號,04 774 3614,,,,,,,,,,,,,,,,,,,,,,,
W.P Motor萬鵬車業,408台灣台中市南屯區忠勇路18-7號,04 2384 2375,,,,,,,,,,,,,,,,,,,,,,,
SUM汽車保修聯盟,511台灣彰化縣社頭鄉中山路一段571號,,,,,,,,,,,,,,,,,,,,,,,,
SUM汽車保修聯盟,513台灣彰化縣埔心鄉中山路48號,,,,,,,,,,,,,,,,,,,,,,,,
東力汽車,640台灣雲林縣斗六市社口里,,,,,,,,,,,,,,,,,,,,,,,,
俊展車廠,600台灣嘉義市民雄鄉東義路21-16號,,,,,,,,,,,,,,,,,,,,,,,,
三億汽車修配廠,648台灣雲林縣西螺鎮西興南路90號,05 586 8478,,,,,,,,,,,,,,,,,,,,,,,
三興汽車前輪定位保養廠,540台灣南投縣南投市南崗一路73號,04 9222 4837,,,,,,,,,,,,,,,,,,,,,,,
久禾車業,"2 號, No. 645文化路斗六市雲林縣台灣 640",05 537 6138,,,,,,,,,,,,,,,,,,,,,,,
千友汽車修配行,542台灣南投縣草屯鎮芬草路一段216-1號,04 9235 3539,,,,,,,,,,,,,,,,,,,,,,,
千億汽車（SUM優質車商聯盟）,640台灣雲林縣斗六市文化路671-2號,0910 993 177,,,,,,,,,,,,,,,,,,,,,,,
大友汽車工業,540台灣南投縣南投市南崗三路45號,04 9225 2826,,,,,,,,,,,,,,,,,,,,,,,
大和汽車,542台灣南投縣草屯鎮博愛路966之1號,04 9232 6388,,,,,,,,,,,,,,,,,,,,,,,
大雅汽車商行,600台灣嘉義市東區大雅路二段189號,05 275 8115,,,,,,,,,,,,,,,,,,,,,,,
大嘉汽車修護廠,600台灣嘉義市西區北港路532號,05 237 1105,,,,,,,,,,,,,,,,,,,,,,,
川茂汽車商行,600台灣嘉義市西區北港路559之1號,05 237 8869,,,,,,,,,,,,,,,,,,,,,,,
友春汽車商行,638台灣雲林縣麥寮鄉中興路31號,05 693 5715,,,,,,,,,,,,,,,,,,,,,,,
天保汽車修理廠,616台灣嘉義縣新港鄉90號,05 374 2803,,,,,,,,,,,,,,,,,,,,,,,
日升汽車修車場,624台灣嘉義縣義竹鄉岸腳村,05 341 5093,,,,,,,,,,,,,,,,,,,,,,,
世紀車坊有限公司,613台灣嘉義縣朴子市44號之65,05 370 9391,,,,,,,,,,,,,,,,,,,,,,,
加東汽車配件行,540台灣南投縣南投市彰南路一段124號,04 9223 6346,,,,,,,,,,,,,,,,,,,,,,,
卡好汽車(SUM認證中古車商),63251台灣雲林縣虎尾鎮竹圍76-1號,05 632 1789,,,,,,,,,,,,,,,,,,,,,,,
弘展盈汽車修護,"115-3, 白河區台南市台灣 732",0936 303 113,,,,,,,,,,,,,,,,,,,,,,,
永騰汽車保養廠,633台灣雲林縣土庫鎮民生路92號,05 665 6660,,,,,,,,,,,,,,,,,,,,,,,
立翔汽車修配廠,540台灣南投縣南投市彰南路一段737號,04 9222 0600,,,,,,,,,,,,,,,,,,,,,,,
先得汽車工藝,64060台灣雲林縣斗六市石榴路37號,0921 440 040,,,,,,,,,,,,,,,,,,,,,,,
全能汽車車業行,651台灣雲林縣北港鎮華勝路294號,05 783 7509,,,,,,,,,,,,,,,,,,,,,,,
全國汽車精品百貨洗車行,613台灣嘉義縣朴子市191號,05 370 3581,,,,,,,,,,,,,,,,,,,,,,,
吉美車業有限公司,651台灣雲林縣北港鎮公園路287號,05 783 1876,,,,,,,,,,,,,,,,,,,,,,,
吉益企業行,630台灣雲林縣斗南鎮光華路108號,05 596 5169,,,,,,,,,,,,,,,,,,,,,,,
好人車坊,621台灣嘉義縣民雄鄉民權路13號,05 206 3535,,,,,,,,,,,,,,,,,,,,,,,
安勝企業社,638台灣雲林縣麥寮鄉西濱路一段47-60號,05 691 3006,,,,,,,,,,,,,,,,,,,,,,,
安勝汽車修護廠,638台灣雲林縣麥寮鄉仁德西路二段2號,05 691 3206,,,,,,,,,,,,,,,,,,,,,,,
成隆汽車修護廠,621台灣嘉義縣民雄鄉西安路98號,05 226 9988,,,,,,,,,,,,,,,,,,,,,,,
旭峰輪胎行,648台灣雲林縣西螺鎮振興里230號,05 586 8085,,,,,,,,,,,,,,,,,,,,,,,
佑欣汽車,542台灣南投縣草屯鎮草溪路875之1號,04 9232 0669,,,,,,,,,,,,,,,,,,,,,,,
志昇汽車保養廠,608台灣嘉義縣水上鄉8之6號,05 268 3297,,,,,,,,,,,,,,,,,,,,,,,
汽車電池★皇昱電池物流▶德國原裝華達電池▶愛馬龍汽車電池南投經銷商▶日本原裝國際牌電池▶南投縣南投市,540台灣南投縣南投市民族路431號,0926 082 973,,,,,,,,,,,,,,,,,,,,,,,
良安汽車保養廠,632台灣雲林縣虎尾鎮林森路一段114-2號,05 633 3299,,,,,,,,,,,,,,,,,,,,,,,
亞帝汽車音響,651台灣雲林縣北港鎮華勝路402-1號,05 782 1414,,,,,,,,,,,,,,,,,,,,,,,
協聖汽車保養廠,632台灣雲林縣虎尾鎮中興路71-3號,0936 402 771,,,,,,,,,,,,,,,,,,,,,,,
和億汽車,651台灣雲林縣北港鎮華勝路337號,05 783 3700,,,,,,,,,,,,,,,,,,,,,,,
坤田汽車,632台灣雲林縣虎尾鎮建國路3號,05 662 5555,,,,,,,,,,,,,,,,,,,,,,,
昇大汽車修配所,540台灣南投縣南投市中興路850號,04 9222 4881,,,,,,,,,,,,,,,,,,,,,,,
昌昇汽車保養廠,600台灣嘉義市東區保健街22號,0916 902 652,,,,,,,,,,,,,,,,,,,,,,,
明利汽車材料行/汽車零件 板金五金,542台灣南投縣草屯鎮中正路1120號,04 9256 0088,,,,,,,,,,,,,,,,,,,,,,,
明利車廠,616台灣嘉義縣新港鄉福德路171之1號,05 374 9358,,,,,,,,,,,,,,,,,,,,,,,
東力汽車修護廠,640台灣雲林縣斗六市社口里,05 533 7645,,,,,,,,,,,,,,,,,,,,,,,
東原汽車修配行,542台灣南投縣草屯鎮芬草路一段207之1號,04 9233 3449,,,,,,,,,,,,,,,,,,,,,,,
松興汽車保養廠,655台灣雲林縣元長鄉中山路3之12號,05 788 6669,,,,,,,,,,,,,,,,,,,,,,,
油力特機油認證店-和智車業-北港店,65145台灣雲林縣北港鎮北辰路2-3號,05 783 9906,,,,,,,,,,,,,,,,,,,,,,,
金益汽車保養廠,613台灣嘉義縣朴子市61387號,05 370 3107,,,,,,,,,,,,,,,,,,,,,,,
長弘汽車有限公司,600台灣嘉義市西區新民路195號,05 283 1111,,,,,,,,,,,,,,,,,,,,,,,
長安汽車實業,542台灣南投縣草屯鎮中正路233之30號,04 9255 1227,,,,,,,,,,,,,,,,,,,,,,,
長聯汽車,540台灣南投縣南投市南崗一路229號,04 9223 0007,,,,,,,,,,,,,,,,,,,,,,,
阿牛輪胎行,630台灣雲林縣斗南鎮自強路20號,0921 207 669,,,,,,,,,,,,,,,,,,,,,,,
信嘉汽車,600台灣嘉義市西區高鐵大道169號,05 283 9099,,,,,,,,,,,,,,,,,,,,,,,
勁道汽車修護廠,621台灣嘉義縣民雄鄉建國路二段229之3號,05 226 0306,,,,,,,,,,,,,,,,,,,,,,,
奕承汽車保養廠,630台灣雲林縣斗南鎮延平路一段348號,05 597 7767,,,,,,,,,,,,,,,,,,,,,,,
建竤汽車商行,638台灣雲林縣麥寮鄉瓦磘村,05 693 7017,,,,,,,,,,,,,,,,,,,,,,,
建鴻汽車修護廠,646台灣雲林縣古坑鄉新庄村,05 526 0099,,,,,,,,,,,,,,,,,,,,,,,
政岱汽車維修廠,616台灣嘉義縣新港鄉南港101之12號,05 781 1966,,,,,,,,,,,,,,,,,,,,,,,
星易汽車企業社,640台灣雲林縣斗六市大同路294之1號,05 534 4942,,,,,,,,,,,,,,,,,,,,,,,
春茂企業社,600台灣嘉義市西區永康一街46號,05 285 5273,,,,,,,,,,,,,,,,,,,,,,,
炫星國際股份有限公司,542台灣南投縣草屯鎮博愛路606號,04 9235 6456,,,,,,,,,,,,,,,,,,,,,,,
英宗汽車,651台灣雲林縣北港鎮陽明街74號,05 782 3311,,,,,,,,,,,,,,,,,,,,,,,
倍強汽車保養廠,600台灣嘉義市東區吳鳳南路521巷24弄7號,05 224 1973,,,,,,,,,,,,,,,,,,,,,,,
振成汽車修理工廠,651台灣雲林縣北港鎮民政路144號,05 783 3832,,,,,,,,,,,,,,,,,,,,,,,
振陞汽車,542台灣南投縣草屯鎮中正路980號,04 9255 4952,,,,,,,,,,,,,,,,,,,,,,,
晉紳汽車,600台灣嘉義市西區自由路416號,05 232 3165,,,,,,,,,,,,,,,,,,,,,,,
泰宜汽車保養廠,647台灣雲林縣莿桐鄉油車5313號,05 551 4510,,,,,,,,,,,,,,,,,,,,,,,
海北村勝菖汽修場,636台灣雲林縣台西鄉,0919 000 475,,,,,,,,,,,,,,,,,,,,,,,
真善美汽車百貨行,542台灣南投縣草屯鎮成功路一段850號,04 9235 3129,,,,,,,,,,,,,,,,,,,,,,,
草屯汽車維修保養-毅達汽車,542台灣南投縣草屯鎮成功路一段770-1號,04 9232 7990,,,,,,,,,,,,,,,,,,,,,,,
陞上汽車,640台灣雲林縣斗六市雲林路三段15號,05 522 4176,,,,,,,,,,,,,,,,,,,,,,,
偉達車業,608台灣嘉義縣水上鄉中山路二段1450號號,05 284 3160,,,,,,,,,,,,,,,,,,,,,,,
偉達修配廠-預約制,540台灣南投縣南投市嶺興路9-31號號,0976 789 773,,,,,,,,,,,,,,,,,,,,,,,
國盛汽車車業行,655台灣雲林縣元長鄉中山路9號,05 788 1849,,,,,,,,,,,,,,,,,,,,,,,
徠順汽車維修廠,652台灣雲林縣水林鄉水南村外環路621之21號,05 785 6401,,,,,,,,,,,,,,,,,,,,,,,
盛發汽車,640台灣雲林縣斗六市成功路636-1號,05 533 6050,,,,,,,,,,,,,,,,,,,,,,,
通營汽車,652台灣雲林縣水林鄉大庄路67-12號,05 785 0697,,,,,,,,,,,,,,,,,,,,,,,
連發汽車修理廠,651台灣雲林縣北港鎮文仁路184號,05 783 3191,,,,,,,,,,,,,,,,,,,,,,,
勝龍汽車保養廠,638台灣雲林縣麥寮鄉仁德路309巷一638 63-5號,05 691 7906,,,,,,,,,,,,,,,,,,,,,,,
喬賓汽車企業有限公司,638台灣雲林縣麥寮鄉許厝58之31號,05 691 4111,,,,,,,,,,,,,,,,,,,,,,,
富傑汽車修理廠,640台灣雲林縣斗六市文化路698之16號,05 534 7088,,,,,,,,,,,,,,,,,,,,,,,
富勝汽車材料行,542台灣南投縣草屯鎮民生一街46巷28號,04 9237 1000,,,,,,,,,,,,,,,,,,,,,,,
富誠汽車保修工作室（輪胎行）,651台灣雲林縣北港鎮文仁路308號,05 782 7429,,,,,,,,,,,,,,,,,,,,,,,
普利司通-吉興輪胎行,651台灣雲林縣北港鎮鎮華勝路211號,05 783 1146,,,,,,,,,,,,,,,,,,,,,,,
華同汽車商行,600台灣嘉義市東區文化路866號,05 231 3107,,,,,,,,,,,,,,,,,,,,,,,
華信汽車有限公司,335台灣大溪區介壽路350號,03 307 5658,,,,,,,,,,,,,,,,,,,,,,,
進運汽車保養廠,600台灣嘉義市東區林森東路510號,05 278 1850,,,,,,,,,,,,,,,,,,,,,,,
雅美汽車商行/維修保養廠,621台灣嘉義縣民雄鄉福興村牛稠溪1之19號,05 220 0751,,,,,,,,,,,,,,,,,,,,,,,
雲林協興福利汽車-雲林汽車買賣/雲林二手車買賣/雲林中古車買賣/雲林買好車/雲林協興福利汽車/協興汽車/雲林評價好的二手車/雲林誠信二手車/雲嘉買好二手車,640台灣雲林縣斗六市大學路二段117號,05 534 5006,,,,,,,,,,,,,,,,,,,,,,,
雲林連合吉普商行,638台灣雲林縣麥寮鄉仁德路348號,05 691 4827,,,,,,,,,,,,,,,,,,,,,,,
順盈汽車企業社,542台灣南投縣草屯鎮草溪路211之28號,04 9237 2676,,,,,,,,,,,,,,,,,,,,,,,
順益汽車斗南營業所,630台灣雲林縣斗南鎮延平路二段55號,05 595 1687,,,,,,,,,,,,,,,,,,,,,,,
順益汽車音響,648台灣雲林縣西螺鎮光復東路34號,05 586 9735,,,,,,,,,,,,,,,,,,,,,,,
傳賢汽車,542台灣南投縣草屯鎮太平路一段439號,04 9233 9143,,,,,,,,,,,,,,,,,,,,,,,
新兩全汽車車業行,651台灣雲林縣北港鎮建國路30號,05 782 3085,,,,,,,,,,,,,,,,,,,,,,,
新昇汽車麥寮代檢廠,638台灣云林县麦寮乡中山路97巷358號,05 693 2766,,,,,,,,,,,,,,,,,,,,,,,
新振汽車,630台灣雲林縣斗南鎮延平路一段397號,05 596 0008,,,,,,,,,,,,,,,,,,,,,,,
新益發車業。,648台灣雲林縣西螺鎮84 之 1 號,05 586 6657,,,,,,,,,,,,,,,,,,,,,,,
新港汽車保養場,616台灣嘉義縣新港鄉公園路72號,05 374 2930,,,,,,,,,,,,,,,,,,,,,,,
源盛汽車有限公司,600台灣嘉義市西區大同路11號,05 283 5522,,,,,,,,,,,,,,,,,,,,,,,
源樹汽車修理廠,621台灣嘉義縣民雄鄉西安路211號,05 226 7298,,,,,,,,,,,,,,,,,,,,,,,
瑞興汽車材料行,632台灣雲林縣虎尾鎮光復路60號,05 633 0868,,,,,,,,,,,,,,,,,,,,,,,
萬吉汽車股份有限公司,648台灣雲林縣西螺鎮76之22號,05 587 3991,,,,,,,,,,,,,,,,,,,,,,,
義興汽車修配廠,638台灣雲林縣麥寮鄉西濱路一段61號,05 693 1941,,,,,,,,,,,,,,,,,,,,,,,
裕益汽車股份有限公司,542台灣南投縣草屯鎮成功路一段1179號,04 9231 4836,,,,,,,,,,,,,,,,,,,,,,,
輇鑫汽車廠,640台灣雲林縣斗六市成功路398～1號,05 537 2099,,,,,,,,,,,,,,,,,,,,,,,
鼎將車業行,640台灣雲林縣斗六市鎮北路702巷2號,05 551 7497,,,,,,,,,,,,,,,,,,,,,,,
嘉中汽車修配廠,640台灣雲林縣斗六市西平路688號,05 551 0966,,,,,,,,,,,,,,,,,,,,,,,
嘉實多護車保養站,621台灣嘉義縣民雄鄉林仔尾70號,05 221 1900,,,,,,,,,,,,,,,,,,,,,,,
嘉慶汽車車業行,640台灣雲林縣斗六市仁義路10號,05 532 1712,,,,,,,,,,,,,,,,,,,,,,,
嘉豐車廠,640台灣雲林縣斗六市成功路480號,05 532 1566,,,,,,,,,,,,,,,,,,,,,,,
榮興汽車保養廠,621台灣嘉義縣民雄鄉保生街106.108號,0932 787 635,,,,,,,,,,,,,,,,,,,,,,,
福元汽車保養所,640台灣雲林縣斗六市榮譽路38號,05 534 4895,,,,,,,,,,,,,,,,,,,,,,,
福和汽車車業行,635台灣雲林縣東勢鄉同安路東安段,05 699 2805,,,,,,,,,,,,,,,,,,,,,,,
福修輪胎行,648台灣雲林縣西螺鎮光復東路2號號,05 587 1671,,,,,,,,,,,,,,,,,,,,,,,
福斯紳業汽車有限公司,542台灣南投縣草屯鎮中正路1573號,04 9235 3125,,,,,,,,,,,,,,,,,,,,,,,
維德汽車,600台灣嘉義市西區世賢路一段838號,05 238 3595,,,,,,,,,,,,,,,,,,,,,,,
遠東汽車百貨大賣場,600台灣嘉義市東區忠孝路545號,05 276 0488,,,,,,,,,,,,,,,,,,,,,,,
遠芳汽車電機行,632台灣雲林縣虎尾鎮光復路868號,05 633 6179,,,,,,,,,,,,,,,,,,,,,,,
廣達修理廠,640台灣雲林縣斗六市久安里久安路160號,05 522 3983,,,,,,,,,,,,,,,,,,,,,,,
德國馬牌輪胎BestDrive旗艦店－凱評輪胎行,64063台灣雲林縣斗六市大學路二段101號,05 534 4710,,,,,,,,,,,,,,,,,,,,,,,
龍讚興汽車,542台灣南投縣草屯鎮中正路233之69號,04 9255 1763,,,,,,,,,,,,,,,,,,,,,,,
聯輝汽車保養廠,613台灣嘉義縣朴子市四維路二段212號,05 370 9387,,,,,,,,,,,,,,,,,,,,,,,
鴻箖汽車修配廠,540台灣南投縣南投市軍功路172號,04 9220 2574,,,,,,,,,,,,,,,,,,,,,,,
鴻興汽車修護廠,621台灣嘉義縣民雄鄉大學路二段58號,05 272 0260,,,,,,,,,,,,,,,,,,,,,,,
豐昌汽車修配廠,542台灣南投縣草屯鎮草屯鎮省府路450巷29號,04 9235 0010,,,,,,,,,,,,,,,,,,,,,,,
鑫車業,616台灣嘉義縣新港鄉洪厝15-36號,0910 611 111,,,,,,,,,,,,,,,,,,,,,,,
鑫長興汽車,651台灣雲林縣北港鎮民享路20號,05 783 2611,,,,,,,,,,,,,,,,,,,,,,,
鑫展汽車保養廠,651台灣雲林縣北港鎮穎寧街1號,0933 439 704,,,,,,,,,,,,,,,,,,,,,,,
ACDelco中連汽車維修廠,655台灣雲林縣元長鄉元西路100號,05 788 4800,,,,,,,,,,,,,,,,,,,,,,,
ACDelco永豐汽車保養廠-麥寮,638台灣雲林縣麥寮鄉中華路16號,05 693 2001,,,,,,,,,,,,,,,,,,,,,,,
ACDelco合入汽車保養廠-斗六,64055台灣雲林縣斗六市文化路698之2號,05 533 1857,,,,,,,,,,,,,,,,,,,,,,,
ACDelco東昌汽車輪胎保養廠,651台灣雲林縣北港鎮太平路259號,05 783 0376,,,,,,,,,,,,,,,,,,,,,,,
ACDelco家豐汽車保修廠,638台灣雲林縣麥寮鄉3-5號,05 691 2342,,,,,,,,,,,,,,,,,,,,,,,
HOT大聯盟 三友汽車,540台灣南投縣南投市東閔路1號,04 9237 0421,,,,,,,,,,,,,,,,,,,,,,,
HOT大聯盟 吉永汽車,640台灣雲林縣斗六市長安西路65號,05 551 8808,,,,,,,,,,,,,,,,,,,,,,,
HOT大聯盟 安鑫汽車,640台灣雲林縣斗六市雲林路三段296號,05 522 4290,,,,,,,,,,,,,,,,,,,,,,,
HOT大聯盟 成功汽車,632台灣云林县虎尾镇興南里竹圍路72號,05 631 1666,,,,,,,,,,,,,,,,,,,,,,,
HOT大聯盟 宜利汽車,632台灣雲林縣虎尾鎮建國一村178號,05 632 0283,,,,,,,,,,,,,,,,,,,,,,,
HOT大聯盟 長億車業,616台灣嘉义县新港乡南港 之 2 號,05 781 3670,,,,,,,,,,,,,,,,,,,,,,,
HOT大聯盟 建成汽車,651台灣雲林縣北港鎮華勝路319號,05 782 2088,,,,,,,,,,,,,,,,,,,,,,,
HOT大聯盟 鑫的汽車,632台灣雲林縣虎尾鎮平和24之82號,05 788 8887,,,,,,,,,,,,,,,,,,,,,,,
HOT保修大聯盟 正益汽車,638台灣雲林縣麥寮鄉豐安路13之30號,05 693 8261,,,,,,,,,,,,,,,,,,,,,,,
IVECO雲林營業所－九宇汽車,632台灣雲林縣虎尾鎮平和路71-15號,05 636 5838,,,,,,,,,,,,,,,,,,,,,,,
MAXXIS瑪吉斯輪胎 - 佳和汽車商行,638台灣雲林縣麥寮鄉59號,05 693 6397,,,,,,,,,,,,,,,,,,,,,,,
MAXXIS瑪吉斯輪胎 - 進豐輪胎車業,600台灣嘉義市西區八德路255號,05 232 2566,,,,,,,,,,,,,,,,,,,,,,,
MAXXIS瑪吉斯輪胎 - 鼎豐汽車保養所,638台灣雲林縣麥寮鄉西濱路二段64號,05 693 6680,,,,,,,,,,,,,,,,,,,,,,,
MICHELIN米其林輪胎-弘冠店,640台灣雲林縣斗六市雲林路三段130號,05 522 0097,,,,,,,,,,,,,,,,,,,,,,,
SUM汽車保修聯盟,542台灣南投縣草屯鎮中正路928號,04 9255 0965,,,,,,,,,,,,,,,,,,,,,,,
SUM汽車保修聯盟,600台灣嘉義市西區博愛路一段199號,05 233 4777,,,,,,,,,,,,,,,,,,,,,,,
SUM優質車商聯盟,640台灣雲林縣斗六市大學路一段276號,05 536 1256,,,,,,,,,,,,,,,,,,,,,,,
SUM優質車商聯盟,630台灣雲林縣斗南鎮大業路200之2號,05 595 0156,,,,,,,,,,,,,,,,,,,,,,,
SUM優質車商聯盟,632台灣雲林縣虎尾鎮下湳55之5號,05 662 5855,,,,,,,,,,,,,,,,,,,,,,,
V12國際車業 保修廠,600台灣嘉義市西區湖美2路189-1號,0921 050 733,,,,,,,,,,,,,,,,,,,,,,,
Vespa嘉義東區 栢廬車有限公司,60066台灣嘉義市東區小雅路400號,05 277 5988,,,,,,,,,,,,,,,,,,,,,,,
興達汽車保養中心,646台灣雲林縣古坑鄉149甲縣道,,,,,,,,,,,,,,,,,,,,,,,,
古鹿耳門港道修車廠,709台灣台南市安南區城西街一段61巷112弄6號,,,,,,,,,,,,,,,,,,,,,,,,
協昌修車廠,723台灣台南市西港區西港里,,,,,,,,,,,,,,,,,,,,,,,,
21K汽修工坊,741台灣台南市善化區113-5 號,0956 225 025,,,,,,,,,,,,,,,,,,,,,,,
九州欣旺汽車(BEST中古車聯盟)-台南中古車、Goo二手車訊推薦好店,745台灣台南市安定區港口1之66號,06 593 9245,,,,,,,,,,,,,,,,,,,,,,,
力榮汽車電機行,721台灣台南市麻豆區新生南路546號,06 571 0461,,,,,,,,,,,,,,,,,,,,,,,
十方汽車電機行,734台灣台南市六甲區300之1號,06 698 6543,,,,,,,,,,,,,,,,,,,,,,,
三群車業有限公司,730台灣台南市新營區健康路128號,06 637 2456,,,,,,,,,,,,,,,,,,,,,,,
上正汽車修配廠,"號, No. 38麻學路一段麻豆區台南市台灣 721",06 572 7677,,,,,,,,,,,,,,,,,,,,,,,
于辰汽車保養廠/中古車買賣,736台灣台南市柳營區柳營路三段103號,0919 609 618,,,,,,,,,,,,,,,,,,,,,,,
大全車業,710台灣台南市永康區大灣路754號,06 271 2656,,,,,,,,,,,,,,,,,,,,,,,
大豐汽車修護廠,745台灣台南市安定區中沙里中崙33號,06 593 1234,,,,,,,,,,,,,,,,,,,,,,,
小林車燈精品/昱豪汔車材料行,701台灣台南市東區東門路三段248號,06 267 9119,,,,,,,,,,,,,,,,,,,,,,,
中山汽車修護廠,741台灣台南市善化區中山路540號,06 581 9257,,,,,,,,,,,,,,,,,,,,,,,
仁美汽車保養維護中心,708台灣台南市下營區中山路一段278巷2號,0910 769 200,,,,,,,,,,,,,,,,,,,,,,,
允成汽車保養廠,721台灣台南市麻豆區民生路23-4號,06 571 5651,,,,,,,,,,,,,,,,,,,,,,,
元益汽車有限公司新市廠,74442台灣台南市新市區中山路209號,06 599 3728,,,,,,,,,,,,,,,,,,,,,,,
台南 億祥汽車修護廠/南區/灣裡/萬年附近,702台灣台南市南區明興路1097號,06 262 8523,,,,,,,,,,,,,,,,,,,,,,,
台南 SUM東峻汽車保修廠,721台灣台南市麻豆區新生北路321號,0911 731 123,,,,,,,,,,,,,,,,,,,,,,,
台南新營 高銘輪胎行 U.S.A HUNTER 定位 底盤維修,73061台灣台南市新營區新進路二段357之1號,06 656 8989,,,,,,,,,,,,,,,,,,,,,,,
台南親親車業,724台灣台南市七股區台南 市 七 股 區 62 號,06 789 2573,,,,,,,,,,,,,,,,,,,,,,,
台新汽車,730台灣台南市新營區復興路507號,06 656 9652,,,,,,,,,,,,,,,,,,,,,,,
正忠汽車保養廠,722台灣台南市佳里區成功路168號,06 721 1200,,,,,,,,,,,,,,,,,,,,,,,
永益汽車保養中心,724台灣台南市七股區玉成5之4號,06 787 3587,,,,,,,,,,,,,,,,,,,,,,,
永順汽車電機保養廠,744台灣台南市新市區社內59-10號,06 589 9781,,,,,,,,,,,,,,,,,,,,,,,
永興汽車修配廠,741台灣台南市善化區興農路158號,06 581 9874,,,,,,,,,,,,,,,,,,,,,,,
田成車業,709台灣台南市安南區長溪路三段364號,06 246 7755,,,,,,,,,,,,,,,,,,,,,,,
立人汽車修配所,717台灣台南市仁德區文賢路一段28號,06 266 5634,,,,,,,,,,,,,,,,,,,,,,,
宏易電機修理所,711台灣台南市歸仁區中正北路一段92號,06 230 4049,,,,,,,,,,,,,,,,,,,,,,,
玖晟汽車保修聯盟 南科店,744台灣台南市新市區14 3 之 1 7 號,06 599 1117,,,,,,,,,,,,,,,,,,,,,,,
車之輪汽車百貨-歸仁門市,711台灣台南市歸仁區中山路666號,06 230 9358,,,,,,,,,,,,,,,,,,,,,,,
車手汽車輪胎保養廠-德國馬牌輪胎,741台灣台南市善化區三民路14-18號,06 581 8197,,,,,,,,,,,,,,,,,,,,,,,
車無限 精品 改裝工坊,712台灣台南市新化區復興路171號手機 0918170957,06 590 6917,,,,,,,,,,,,,,,,,,,,,,,
邦彥車業,710台灣台南市永康區小東路669號,06 311 3881,,,,,,,,,,,,,,,,,,,,,,,
協峰車業,741台灣台南市善化區成功路186巷6號,06 583 6145,,,,,,,,,,,,,,,,,,,,,,,
和展汽車修護廠,718台灣台南市關廟區中正路689號,06 595 8775,,,,,,,,,,,,,,,,,,,,,,,
坤漢企業行,736台灣台南市柳營區柳營路一段338號,06 622 1860,,,,,,,,,,,,,,,,,,,,,,,
尚昇汽車保修廠,730台灣台南市新營區東山三路121號,06 635 0360,,,,,,,,,,,,,,,,,,,,,,,
昇聯汽車保養廠,709台灣台南市安南區仁安一街207巷15號,06 255 0343,,,,,,,,,,,,,,,,,,,,,,,
昌群汽車修復廠,735台灣台南市下營區裕農街18號,06 679 2228,,,,,,,,,,,,,,,,,,,,,,,
明通汽車修護廠,710台灣台南市永康區崑大路263號,06 272 6217,,,,,,,,,,,,,,,,,,,,,,,
明億汽車修配保養廠,717台灣台南市仁德區中正路一段91號,06 266 5387,,,,,,,,,,,,,,,,,,,,,,,
欣興汽車修護廠,721台灣台南市麻豆區建南街170號,06 572 1643,,,,,,,,,,,,,,,,,,,,,,,
信晟汽車維修工作室,709台灣台南市安南區海環街528號,06 250 3459,,,,,,,,,,,,,,,,,,,,,,,
柳營阿明汽車修護,736台灣台南市柳營區東南五街22號,0932 777 642,,,,,,,,,,,,,,,,,,,,,,,
益弘輪胎行,741台灣台南市善化區183,06 583 9729,,,,,,,,,,,,,,,,,,,,,,,
高豐汽車保修廠,731台灣台南市後壁區198 號,06 637 2686,,,,,,,,,,,,,,,,,,,,,,,
叄鎰汽車保養場,717台灣台南市仁德區民安路一段,06 336 9969,,,,,,,,,,,,,,,,,,,,,,,
捷元汽車保養廠,745台灣台南市安定區港南里港口1之62號,0985 967 188,,,,,,,,,,,,,,,,,,,,,,,
陸勝車業,71150台灣台南市歸仁區中正南路三段290號,06 278 3119,,,,,,,,,,,,,,,,,,,,,,,
麻豆隼鑫車業,721台灣台南市麻豆區新生北路676號,06 571 5318,,,,,,,,,,,,,,,,,,,,,,,
麻春輪胎行,721台灣台南市麻豆區新生北路668號,06 572 0068,,,,,,,,,,,,,,,,,,,,,,,
勝群汽車專業改裝保養廠,701台灣台南市東區崇德二十街5號,0935 516 202,,,,,,,,,,,,,,,,,,,,,,,
善化汽車修配所,741台灣台南市善化區中正路202號,06 583 6169,,,,,,,,,,,,,,,,,,,,,,,
棋勝汽車修護廠,74553台灣台南市安定區新吉125之4號,06 593 0288,,,,,,,,,,,,,,,,,,,,,,,
翔雲車業輪胎,730台灣台南市新營區長榮路一段531號,06 637 5077,,,,,,,,,,,,,,,,,,,,,,,
詠舜汽車,717台灣台南市仁德區保安路二段621號,06 266 1527,,,,,,,,,,,,,,,,,,,,,,,
詠輝車業,710台灣台南市永康區民族路139號,06 271 9437,,,,,,,,,,,,,,,,,,,,,,,
隆田汽車保養廠,720台灣台南市官田區中華路二段118號,06 579 1204,,,,,,,,,,,,,,,,,,,,,,,
隆溢汽車保養廠,745台灣台南市安定區新吉里,0937 663 559,,,,,,,,,,,,,,,,,,,,,,,
順益汽車新營營業所,730台灣台南市新營區復興路549-1號,06 656 2711,,,,,,,,,,,,,,,,,,,,,,,
新進汽車修配所,730台灣台南市新營區開元路9號,06 632 4281,,,,,,,,,,,,,,,,,,,,,,,
煌成汽車修配場,723台灣台南市西港區中山路119-2號,06 795 3562,,,,,,,,,,,,,,,,,,,,,,,
義興汽車行,721台灣台南市麻豆區中正路59之2號,06 572 0029,,,,,,,,,,,,,,,,,,,,,,,
路馳揚安定店-瑞東汽車保養廠,745台灣台南市安定區安加村258-41號,06 592 3294,,,,,,,,,,,,,,,,,,,,,,,
雋弘國際汽車,730台灣台南市新營區長榮路一段353號,0918 129 007,,,,,,,,,,,,,,,,,,,,,,,
彰益汽車修車,721台灣台南市麻豆區1之13號,06 572 1525,,,,,,,,,,,,,,,,,,,,,,,
福克車燈改裝 車燈維修 配件安裝,721台灣台南市麻豆區油車里37-1號,0989 505 413,,,,,,,,,,,,,,,,,,,,,,,
福特汽車,730台灣台南市新營區復興路683號,06 656 9858,,,,,,,,,,,,,,,,,,,,,,,
賓峰修理廠,744台灣台南市新市區民族路145號,06 599 2573,,,,,,,,,,,,,,,,,,,,,,,
賓富汽車,709台灣台南市安南區海尾路352之1號,06 245 7519,,,,,,,,,,,,,,,,,,,,,,,
領先汽車實業,730台灣台南市新營區復興路1129之1號,06 652 6700,,,,,,,,,,,,,,,,,,,,,,,
德國馬牌輪胎BestDrive旗艦店 _ 昌奕輪胎有限公司,704台灣台南市北區文賢路760號1樓,06 259 2631,,,,,,,,,,,,,,,,,,,,,,,
德發盛汽車修護廠,711台灣台南市歸仁區大順街150號,06 330 7045,,,,,,,,,,,,,,,,,,,,,,,
璋達汽車修理所,737台灣台南市鹽水區忠孝路23號,06 652 4689,,,,,,,,,,,,,,,,,,,,,,,
興國汽車修配廠,721台灣台南市麻豆區興國路66號,06 571 8208,,,,,,,,,,,,,,,,,,,,,,,
龍昇汽車修配所,71243台灣台南市新化區中山路31之1號,06 590 3796,,,,,,,,,,,,,,,,,,,,,,,
龍勝汽車保養廠,709台灣台南市安南區海佃路二段607之1號,06 247 1278,,,,,,,,,,,,,,,,,,,,,,,
優銓汽車 保養廠 輪胎行,745台灣台南市安定區港南里1 之 89 號,06 593 9260,,,,,,,,,,,,,,,,,,,,,,,
賽揚國際,717台灣台南市仁德區保安路一段59-9號,0986 005 554,,,,,,,,,,,,,,,,,,,,,,,
鴻禎汽車修護廠,718台灣台南市關廟區南雄路二段482號,0937 363 794,,,,,,,,,,,,,,,,,,,,,,,
鴻慶汽車維修場,735台灣台南市下營區中 營 290-6 號,06 689 7227,,,,,,,,,,,,,,,,,,,,,,,
豐鳴汽車保養廠,712台灣台南市新化區大新路6號,06 598 2509,,,,,,,,,,,,,,,,,,,,,,,
關廟廣興汽車修配廠,718台灣台南市關廟區中山路二段207號,06 595 4423,,,,,,,,,,,,,,,,,,,,,,,
ACDelco健鈺汽車保養廠-學甲,726台灣台南市學甲區自強路18號,06 783 2283,,,,,,,,,,,,,,,,,,,,,,,
ACDelco無限汽車保養廠-永康,710台灣台南市永康區中正一街102號,06 243 3560,,,,,,,,,,,,,,,,,,,,,,,
ACDelco新埔汽車保養廠-關廟,718台灣台南市關廟區南雄路二段483號,06 596 7118,,,,,,,,,,,,,,,,,,,,,,,
DFSK東風穩發-台南新營-大豐汽車,730台灣台南市新營區開元路86-1號,06 632 9111,,,,,,,,,,,,,,,,,,,,,,,
HOT大聯盟 和悅汽車,722台灣台南市佳里區佳東路77號,06 723 2966,,,,,,,,,,,,,,,,,,,,,,,
HOT大聯盟 翔富汽車,745台灣台南市安定區15-3號,06 592 2727,,,,,,,,,,,,,,,,,,,,,,,
J-WORKS新裕自動車,721台灣台南市麻豆區謝安里謝厝寮236號,06 571 8118,,,,,,,,,,,,,,,,,,,,,,,
MAXXIS瑪吉斯 - 志和輪胎行,722台灣台南市佳里區佳北路478號,06 722 8373,,,,,,,,,,,,,,,,,,,,,,,
MAXXIS瑪吉斯 - 慶豐輪胎行,745台灣台南市安定區5號,06 593 3545,,,,,,,,,,,,,,,,,,,,,,,
MICHELIN米其林輪胎-勝弘店,721台灣台南市麻豆區新生南路546號,06 571 0395,,,,,,,,,,,,,,,,,,,,,,,
MICHELIN米其林輪胎-華陽店,730台灣台南市新營區民治路184號,06 656 9268,,,,,,,,,,,,,,,,,,,,,,,
SUM弘達汽車保養廠,730台灣台南市新營區民族路60號730台灣台南市新營區23°19'10. 120°19'16. No. 民族路330巷,06 635 8800,,,,,,,,,,,,,,,,,,,,,,,
SUM汽車保修聯盟,718台灣台南市關廟區中山路一段306號,06 596 5480,,,,,,,,,,,,,,,,,,,,,,,
SUM汽車保修聯盟,741台灣台南市善化區興農路164號,06 581 9236,,,,,,,,,,,,,,,,,,,,,,,
SUM車易購優質車商聯盟,734台灣台南市六甲區143號,06 698 0999,,,,,,,,,,,,,,,,,,,,,,,
SUM車讚汽車,730台灣台南市新營區長榮路一段380號,06 637 9019,,,,,,,,,,,,,,,,,,,,,,,
SUM優質車商聯盟,722台灣台南市佳里區1之11號,06 726 2662,,,,,,,,,,,,,,,,,,,,,,,
SUM優質車商聯盟,722台灣台南市佳里區鎮山94之72號,06 722 8975,,,,,,,,,,,,,,,,,,,,,,,
SUM優質車商聯盟,730台灣台南市新營區復興路383號,06 656 6031,,,,,,,,,,,,,,,,,,,,,,,
SUM優質車商聯盟,730台灣台南市新營區復興路572號,06 656 5868,,,,,,,,,,,,,,,,,,,,,,,
SUM優質車商聯盟,730台灣台南市新營區長榮路一段368號,06 637 7677,,,,,,,,,,,,,,,,,,,,,,,
SUM優質車商聯盟,730台灣台南市新營區長榮路一段500號,06 632 0646,,,,,,,,,,,,,,,,,,,,,,,
SUM優質車商聯盟,730台灣台南市新營區長榮路二段1092號,06 656 2585,,,,,,,,,,,,,,,,,,,,,,,
WS遇見光-魚眼專家,710台灣台南市永康區中山北路691號,0975 386 856,,,,,,,,,,,,,,,,,,,,,,,
ㄚ保修車廠,720台灣台南市官田區縱貫公路,,,,,,,,,,,,,,,,,,,,,,,,
巴赫車廠,814台灣高雄市仁武區八德一路89號,,,,,,,,,,,,,,,,,,,,,,,,
竹田遙控車場,911台灣屏東縣竹田鄉911,,,,,,,,,,,,,,,,,,,,,,,,
阿龍車廠,"號, No. 105竹門巷仁武區高雄市台灣 814",,,,,,,,,,,,,,,,,,,,,,,,
財仔修車廠,832台灣高雄市林園區中厝里,,,,,,,,,,,,,,,,,,,,,,,,
偉華汽車行,807台灣高雄市三民區聯興路69之1號,,,,,,,,,,,,,,,,,,,,,,,,
電力飄飄車,926台灣屏東縣南州鄉永安路1號,,,,,,,,,,,,,,,,,,,,,,,,
銀通汽車保養廠,821台灣高雄市路竹區大仁路709號,,,,,,,,,,,,,,,,,,,,,,,,
Js車坊,900台灣屏東縣屏東市華山里,,,,,,,,,,,,,,,,,,,,,,,,
八百屋汽車生活館,928台灣屏東縣東港鎮船頭路25之12號,08 833 8433,,,,,,,,,,,,,,,,,,,,,,,
三禾汽車,928台灣屏東縣東港鎮船頭路25-307號,0933 603 253,,,,,,,,,,,,,,,,,,,,,,,
上士汽車修護廠,926台灣屏東縣新埤鄉新中路65-1號,0929 622 530,,,,,,,,,,,,,,,,,,,,,,,
大世界汽車保修站-楠梓店,811台灣高雄市楠梓區加仁路79之1號,07 360 3456,,,,,,,,,,,,,,,,,,,,,,,
大吉汽車企業股份有限公司,820台灣高雄市岡山區本工西二路12號,07 623 6097,,,,,,,,,,,,,,,,,,,,,,,
大發汽車-SUM優質車商聯盟,832台灣高雄市林園區沿海路三段1號,0918 575 046,,,,,,,,,,,,,,,,,,,,,,,
大豐汽車電機行,822台灣高雄市阿蓮區忠孝路395號,07 631 6589,,,,,,,,,,,,,,,,,,,,,,,
中華汽車電氣行,920台灣屏東縣潮州鎮永安路3號,08 788 7301,,,,,,,,,,,,,,,,,,,,,,,
仁愛汽車精品店,950台灣台東縣台東市仁愛街47號,08 934 3355,,,,,,,,,,,,,,,,,,,,,,,
允峰輪胎行,"號, No. 422林森路二段虎尾鎮雲林縣台灣 632",05 633 8318,,,,,,,,,,,,,,,,,,,,,,,
天誠專業保養廠,928台灣屏東縣東港鎮大鵬路183號,08 835 0638,,,,,,,,,,,,,,,,,,,,,,,
太豐源車業,920台灣屏東縣潮州鎮潮州路721號之 1 號,0978 753 054,,,,,,,,,,,,,,,,,,,,,,,
心車保修聯盟-吉利廠,932台灣屏東縣新園鄉臥龍路567-20 號,08 835 3869,,,,,,,,,,,,,,,,,,,,,,,
王瑞恭,920台灣屏東縣潮州鎮介壽路166號,08 789 6320,,,,,,,,,,,,,,,,,,,,,,,
台東佳良汽車精品百貨,950台灣台東縣台東市中興路一段390號,08 923 9959,,,,,,,,,,,,,,,,,,,,,,,
巨光輪胎行,928台灣屏東縣東港鎮沿海路361號,08 832 2668,,,,,,,,,,,,,,,,,,,,,,,
永全汽車股份有限公司,717台灣仁德區中山路12號,06 270 2570,,,,,,,,,,,,,,,,,,,,,,,
永和汽車材料行,928台灣屏東縣東港鎮興東路115號,08 832 5456,,,,,,,,,,,,,,,,,,,,,,,
永固汽車修護保養廠,931台灣屏東縣佳冬鄉佳冬鄉佳冬段894號,08 866 8526,,,,,,,,,,,,,,,,,,,,,,,
永信汽車修配廠 -24小時汽車拖吊、道路救援、柴油車環保黑煙代檢,950台灣台東縣台東市更生路886巷68號,08 922 3058,,,,,,,,,,,,,,,,,,,,,,,
永順昌 SUM汽車保修聯盟,821台灣高雄市路竹區中山路1309號,07 696 8896,,,,,,,,,,,,,,,,,,,,,,,
立興汽車保養廠,822台灣高雄市阿蓮區峰北路29-3號,07 631 0707,,,,,,,,,,,,,,,,,,,,,,,
全一車業行,950台灣台東縣台東市新生路213號,08 932 6529,,,,,,,,,,,,,,,,,,,,,,,
全弘汽車修理廠鈑金烤漆引擎快速修復,813台灣高雄市左營區民族一路1205-2號,0937 473 380,,,,,,,,,,,,,,,,,,,,,,,
全誠汽車,973台灣花蓮縣吉安鄉建國路二段68號,03 846 5872,,,,,,,,,,,,,,,,,,,,,,,
全輪車業,"號, No. 54東里十街吉安鄉花蓮縣台灣 973",0912 469 617,,,,,,,,,,,,,,,,,,,,,,,
名成汽車保養場,931台灣屏東縣佳冬鄉西部濱海公路165號,08 866 8818,,,,,,,,,,,,,,,,,,,,,,,
宇順車業有限公司-拖吊車車體製造、汽車拖吊、24小時道路救援,821台灣高雄市路竹區環球路457號,07 696 2377,,,,,,,,,,,,,,,,,,,,,,,
安昇汽車修護,821台灣高雄市路竹區大仁路70號,07 697 5172,,,,,,,,,,,,,,,,,,,,,,,
旭美汽車材料行,726台灣學甲區寶發路142號寶發路142號,06 783 9269,,,,,,,,,,,,,,,,,,,,,,,
有福車業有限公司,913台灣屏東縣萬丹鄉西環路586號,08 777 8131,,,,,,,,,,,,,,,,,,,,,,,
宏信汽車保養廠,832台灣高雄市林園區沿海路三段102號,07 643 3937,,,,,,,,,,,,,,,,,,,,,,,
宏益汽車,928台灣屏東縣東港鎮興東四街147號,08 832 5307,,,,,,,,,,,,,,,,,,,,,,,
宏盛汽車電機行,923台灣屏東縣萬巒鄉富興路47-17號,08 783 3697,,,,,,,,,,,,,,,,,,,,,,,
宏德汽車保養場,829台灣高雄市湖內區環球路738號,07 693 4118,,,,,,,,,,,,,,,,,,,,,,,
沅昌汽車實業有限公司,711台灣歸仁區中山路一段232號,06 338 6556,,,,,,,,,,,,,,,,,,,,,,,
車之輪汽車百貨岡山門市-附設自助洗車場,820台灣高雄市岡山區岡山北路26號號,07 624 5886,,,,,,,,,,,,,,,,,,,,,,,
協同汽車保養廠,920台灣屏東縣潮州鎮介壽路276號,08 780 1387,,,,,,,,,,,,,,,,,,,,,,,
和宏汽車有限公司（代檢廠）,821台灣高雄市路竹區大仁路841號,07 697 0657,,,,,,,,,,,,,,,,,,,,,,,
和鋒國際汽車,920台灣屏東縣潮州鎮光復路255-1號,08 789 3213,,,,,,,,,,,,,,,,,,,,,,,
杰格瑞貿易有限公司,815台灣高雄市大社區鹽埕巷15-7號,07 355 3718,,,,,,,,,,,,,,,,,,,,,,,
東泰汽車自動變速箱維修廠,920台灣屏東縣潮州鎮四維路570號920,08 780 1014,,,,,,,,,,,,,,,,,,,,,,,
金燁汽車,"號, No. 93東閔路南投市南投縣台灣 540",04 9231 6207,,,,,,,,,,,,,,,,,,,,,,,
俊宏車業(旗艦店),81163台灣高雄市楠梓區興楠路33號,07 352 8584,,,,,,,,,,,,,,,,,,,,,,,
俊業車業,950台灣台東縣台東市中華路三段293號,08 931 0311,,,,,,,,,,,,,,,,,,,,,,,
保五汽車代檢廠,820台灣高雄市岡山區碧紅街179號,07 621 6777,,,,,,,,,,,,,,,,,,,,,,,
保成汽車企業社,820台灣高雄市岡山區前和路3號,07 625 9281,,,,,,,,,,,,,,,,,,,,,,,
信昇車業,940台灣屏東縣枋寮鄉中華路10號,0917 659 516,,,,,,,,,,,,,,,,,,,,,,,
信義汽車修理廠,912台灣屏東縣內埔鄉南寧路458號,08 779 2115,,,,,,,,,,,,,,,,,,,,,,,
南利車業商行,920台灣屏東縣潮州鎮光華路66號,08 789 4011,,,,,,,,,,,,,,,,,,,,,,,
南昌汽車企業社,928台灣屏東縣東港鎮新興二街65巷41號,08 833 8629,,,,,,,,,,,,,,,,,,,,,,,
南昌汽車保修-齊健廠,928台灣屏東縣東港鎮光復路一段66號號,08 833 9977,,,,,,,,,,,,,,,,,,,,,,,
南華汽車電機行(南華企業行),900台灣屏東縣屏東市自立路245之1號,08 723 4568,,,,,,,,,,,,,,,,,,,,,,,
南興中鴻汽車音響,920台灣屏東縣潮州鎮延平路326號,08 788 8755,,,,,,,,,,,,,,,,,,,,,,,
威力夥伴車業,"號, No. 11南京路鳳山區高雄市台灣 830",07 766 1681,,,,,,,,,,,,,,,,,,,,,,,
建大輪胎-詠全輪胎行,85244台灣高雄市茄萣區濱海路三段170-55號,0937 360 441,,,,,,,,,,,,,,,,,,,,,,,
建國車業,"號, No. 864博愛路二段西區嘉義市台灣 600",05 285 8983,,,,,,,,,,,,,,,,,,,,,,,
星光汽車電機行,973台灣花蓮縣吉安鄉自強路494號,03 856 5358,,,,,,,,,,,,,,,,,,,,,,,
昶達汽車保養廠,811台灣高雄市楠梓區錦屏街28-1號,07 361 9655,,,,,,,,,,,,,,,,,,,,,,,
柳橋汽車保養廠,820台灣高雄市岡山區柳橋東路60號,07 623 4728,,,,,,,,,,,,,,,,,,,,,,,
茂豐汽車冷氣行,940台灣屏東縣枋寮鄉臨海路272號940,08 871 3875,,,,,,,,,,,,,,,,,,,,,,,
娜魯灣通運股份有限公司,950台灣台東縣台東市四維路三段152之5號,08 923 5000,,,,,,,,,,,,,,,,,,,,,,,
振興大車配修廠,831台灣高雄市大寮區會結路37號之 1 號,07 788 3912,,,,,,,,,,,,,,,,,,,,,,,
晉泰汽車企業,928台灣屏東縣東港鎮沿海路68號,08 789 6091,,,,,,,,,,,,,,,,,,,,,,,
特區國際車業,"號, No. 1342北港路西區嘉義市台灣 600",05 238 7755,,,,,,,,,,,,,,,,,,,,,,,
珮瑜汽車修護,807台灣高雄市三民區建工路276號,0970 255 866,,,,,,,,,,,,,,,,,,,,,,,
益升汽車保養廠,821台灣高雄市路竹區環球路77之3號,07 695 2490,,,,,,,,,,,,,,,,,,,,,,,
益勝汽車材料行,722台灣佳里區延平路498巷7號,06 723 0929,,,,,,,,,,,,,,,,,,,,,,,
高英汽車保養廠（鈑金、防鏽）,821台灣高雄市路竹區大公路361之3號,07 698 2307,,,,,,,,,,,,,,,,,,,,,,,
高峰汽車,822台灣高雄市阿蓮區中正路241之1號,07 631 9328,,,,,,,,,,,,,,,,,,,,,,,
高登車體塗裝藝術股份有限公司-特斯拉南區授權板噴中心,811台灣高雄市仁武區高楠公路96-10號,07 347 7618,,,,,,,,,,,,,,,,,,,,,,,
高橋車業,814台灣高雄市仁武區仁心路234-3號,0929 540 855,,,,,,,,,,,,,,,,,,,,,,,
清中汽車保養廠,924台灣屏東縣崁頂鄉南州路136號,08 864 4095,,,,,,,,,,,,,,,,,,,,,,,
第一車業,940台灣屏東縣枋寮鄉中山路二段251號,08 871 1165,,,,,,,,,,,,,,,,,,,,,,,
莫林車電廠,81163台灣高雄市楠梓區興楠路3號,07 353 3383,,,,,,,,,,,,,,,,,,,,,,,
勝發車行,912台灣屏東縣內埔鄉自強路7號,08 779 0384,,,,,,,,,,,,,,,,,,,,,,,
揚勝汽車材料行,928台灣屏東縣東港鎮水源三街19號,08 832 1480,,,,,,,,,,,,,,,,,,,,,,,
發義汽車修配所,730台灣新營區開元路171號,06 633 7860,,,,,,,,,,,,,,,,,,,,,,,
發興車業有限公司,852台灣高雄市茄萣區中正路三段50號,07 690 7016,,,,,,,,,,,,,,,,,,,,,,,
統力電池,920台灣屏東縣潮州鎮,08 788 4061,,,,,,,,,,,,,,,,,,,,,,,
統耀車業,82947台灣高雄市湖內區中正路一段445號,07 699 4368,,,,,,,,,,,,,,,,,,,,,,,
翔大汽車保養廠,833台灣高雄市鳥松區大同路8-7號,07 735 1349,,,,,,,,,,,,,,,,,,,,,,,
順吉汽車保養廠,900台灣屏東縣屏東市大連路101號,08 736 1127,,,,,,,,,,,,,,,,,,,,,,,
順建企業社,950台灣台東縣台東市中興路四段336號,08 938 0589,,,,,,,,,,,,,,,,,,,,,,,
順益汽車台東營業所,950台灣台東縣台東市大業路128號,08 934 1171,,,,,,,,,,,,,,,,,,,,,,,
順益汽車東港營業所,928台灣屏東縣東港鎮大潭路120-2號,08 832 0996,,,,,,,,,,,,,,,,,,,,,,,
順益汽車潮州營業所,920台灣屏東縣潮州鎮潮州路41號920,08 780 1222,,,,,,,,,,,,,,,,,,,,,,,
順鑫企業社,950台灣台東縣台東市志航路一段,08 923 8730,,,,,,,,,,,,,,,,,,,,,,,
幹國汽車保養廠,912台灣屏東縣內埔鄉展興路41號,08 769 1615,,,,,,,,,,,,,,,,,,,,,,,
新協發輪胎行,828台灣高雄市永安區保安路,07 691 3622,,,,,,,,,,,,,,,,,,,,,,,
萬泰汽車保養修理廠,931台灣屏東縣佳冬鄉文化二路68號,08 866 5941,,,,,,,,,,,,,,,,,,,,,,,
聖豐車業,"920台灣屏東縣潮州鎮Daren Rd, 37號 3 號",0925 185 029,,,,,,,,,,,,,,,,,,,,,,,
裕隆日產汽車,950台灣台東縣台東市正氣北路606號,08 921 9008,,,,,,,,,,,,,,,,,,,,,,,
路路安汽修連鎖-內埔世興店,912台灣屏東縣內埔鄉學人路368號,08 779 1813,,,,,,,,,,,,,,,,,,,,,,,
路路安汽修連鎖-佳冬聯勝店,"號, No. 1286大豐路佳冬鄉屏東縣台灣 931",08 866 2552,,,,,,,,,,,,,,,,,,,,,,,
路路安汽修連鎖仁武全通店,81465台灣高雄市仁武區鳳仁路158號,07 374 7571,,,,,,,,,,,,,,,,,,,,,,,
鼎御興業有限公司(統力GS電池/屏東總代理),920台灣屏東縣潮州鎮介壽路68號,08 788 3798,,,,,,,,,,,,,,,,,,,,,,,
鼎鉅汽車,973台灣花蓮縣吉安鄉仁里八街51號,0930 348 568,,,,,,,,,,,,,,,,,,,,,,,
賓族汽車有限公司,90943台灣屏東縣麟洛鄉成功路209號,08 723 6318,,,,,,,,,,,,,,,,,,,,,,,
銓運汽車-24小時道路救援 / 汽車中古零件買賣 / 收購報廢事故車 / 協助車禍現場處理,950台灣台東縣台東市正氣北路617號,08 923 0520,,,,,,,,,,,,,,,,,,,,,,,
鳳陽汽車股份有限公司,830台灣鳳山區中山西路238號,07 710 2310,,,,,,,,,,,,,,,,,,,,,,,
億霖汽車電機行,820台灣岡山區健鷹南路80號,07 625 0098,,,,,,,,,,,,,,,,,,,,,,,
德安車業,"號, No. 362西環路萬丹鄉屏東縣台灣 913",08 776 0121,,,,,,,,,,,,,,,,,,,,,,,
歐盛專業汽車美容,927台灣屏東縣林邊鄉中興路132號,0986 768 198,,,,,,,,,,,,,,,,,,,,,,,
震益汽車保養場,822台灣高雄市阿蓮區,07 631 5287,,,,,,,,,,,,,,,,,,,,,,,
震撼車業,815台灣高雄市大社區中山路667之2號,07 351 6220,,,,,,,,,,,,,,,,,,,,,,,
樺陽車業行,950台灣台東縣台東市新生路75號,08 934 1771,,,,,,,,,,,,,,,,,,,,,,,
聯夏輪胎行,920台灣屏東縣潮州鎮介壽路165號,08 788 1083,,,,,,,,,,,,,,,,,,,,,,,
雙龍汽車,950台灣台東縣台東市大德路22號,08 931 0855,,,,,,,,,,,,,,,,,,,,,,,
轟騰車業,920台灣屏東縣潮州鎮興隆路114號,0976 552 153,,,,,,,,,,,,,,,,,,,,,,,
鑫煒企業(汽車維修),900台灣屏東縣屏東市建豐路195巷13號之1,08 722 1385,,,,,,,,,,,,,,,,,,,,,,,
Bavaria chiptuning 巴伐利亞 汽車動力晶片,81566台灣高雄市大社區大德街1-1號,07 353 9133,,,,,,,,,,,,,,,,,,,,,,,
CarOK順心優質車商聯盟(三禾汽車),928台灣屏東縣東港鎮船頭路25之305號,0933 381 111,,,,,,,,,,,,,,,,,,,,,,,
HOT大聯盟 暉祥汽車,920台灣屏東縣潮州鎮延平路279號,08 788 6942,,,,,,,,,,,,,,,,,,,,,,,
HOT大聯盟 誠品汽車,820台灣高雄市岡山區中山北路169號,07 621 9996,,,,,,,,,,,,,,,,,,,,,,,
MICHELIN米其林輪胎-順興店,820台灣高雄市岡山區岡山路20號,07 621 3337,,,,,,,,,,,,,,,,,,,,,,,
SUM汽車保修聯盟,828台灣高雄市永安區維新路141號,07 691 2947,,,,,,,,,,,,,,,,,,,,,,,
SUM汽車保修聯盟,913台灣屏東縣萬丹鄉中興路一段587號,08 776 0068,,,,,,,,,,,,,,,,,,,,,,,
SUM汽車保修聯盟,920台灣屏東縣潮州鎮彭城路56號,08 780 3839,,,,,,,,,,,,,,,,,,,,,,,
sum冠晟汽車,911台灣屏東縣竹田鄉潮州路70-18號,08 789 9388,,,,,,,,,,,,,,,,,,,,,,,
SUM宥辰汽車,950台灣台東縣台東市漢中街106號,0932 309 013,,,,,,,,,,,,,,,,,,,,,,,
SUM勝煌優質中古二手車商,909台灣屏東縣麟洛鄉中山路20號,08 721 5670,,,,,,,,,,,,,,,,,,,,,,,
SUM進興汽車-岡山店,820台灣高雄市岡山區中山南路419號,07 624 5855,,,,,,,,,,,,,,,,,,,,,,,
SUM優質車商聯盟,920台灣屏東縣潮州鎮潮州路1號,08 780 7919,,,,,,,,,,,,,,,,,,,,,,,
SUM優質車商聯盟,928台灣屏東縣東港鎮船頭路25之297附2號,08 832 6912,,,,,,,,,,,,,,,,,,,,,,,
SUM優質車商聯盟,932台灣屏東縣新園鄉臥龍路500之6號,08 832 1111,,,,,,,,,,,,,,,,,,,,,,,
SUM優質車商聯盟,950台灣台東縣台東市正氣北路617之1號,08 922 5066,,,,,,,,,,,,,,,,,,,,,,,
SUM優質車商聯盟,950台灣台東縣台東市開封街760號,08 935 2225,,,,,,,,,,,,,,,,,,,,,,,
仁武修車,815台灣高雄市大社區保社里,,,,,,,,,,,,,,,,,,,,,,,,
舜成汽車保養廠,926台灣屏東縣南州鄉人和路1-1號,,,,,,,,,,,,,,,,,,,,,,,,
鴻銘汽車商行,356台灣苗栗縣後龍鎮中華路716巷42號,,,,,,,,,,,,,,,,,,,,,,,,
星速車業,734台灣台南市六甲區中山路271號,,,,,,,,,,,,,,,,,,,,,,,,
金田車行,526台灣彰化縣二林鎮二城路13號,,,,,,,,,,,,,,,,,,,,,,,,
連晟汽車廠,906台灣屏東縣高樹鄉華興路96號,,,,,,,,,,,,,,,,,,,,,,,,
善華汽車電機行,956台灣台東縣關山鎮順興路11之5號,,,,,,,,,,,,,,,,,,,,,,,,
宗興汽車保養廠,530台灣彰化縣二水鄉民生路106號,,,,,,,,,,,,,,,,,,,,,,,,
鑫德汽車修護場,736台灣台南市柳營區163-3號,,,,,,,,,,,,,,,,,,,,,,,,
冀善堂,368台灣苗栗縣西湖鄉,,,,,,,,,,,,,,,,,,,,,,,,
勝豐汽車保修廠,524台灣彰化縣溪州鄉下田路7之16號,,,,,,,,,,,,,,,,,,,,,,,,
學成輪胎行,616台灣嘉義縣新港鄉新中路205號附6號,,,,,,,,,,,,,,,,,,,,,,,,
車埕站,553台灣南投縣水里鄉民權巷2號號,,,,,,,,,,,,,,,,,,,,,,,,
豐寶汽車,726台灣台南市學甲區中洲里,,,,,,,,,,,,,,,,,,,,,,,,
昇盟汽車保養廠,300台灣新竹市東區光復路一段68號,,,,,,,,,,,,,,,,,,,,,,,,
三順修車行,603台灣嘉义县梅山乡内山公路603號,,,,,,,,,,,,,,,,,,,,,,,,
內灣車站,312台灣新竹縣橫山鄉橫山312號,,,,,,,,,,,,,,,,,,,,,,,,
車城,944台灣屏東縣車城鄉,,,,,,,,,,,,,,,,,,,,,,,,
田邊一家修車店-宏銘,653台灣雲林縣口湖鄉謝厝寮分 線,,,,,,,,,,,,,,,,,,,,,,,,
信誠車業陳老闆,307台灣新竹縣芎林鄉文華街140 巷 號,,,,,,,,,,,,,,,,,,,,,,,,
立盛汽車,357台灣苗栗縣通霄鎮,,,,,,,,,,,,,,,,,,,,,,,,
興輪汽車修理廠,367台灣苗栗縣三義鄉尖豐公路308號,,,,,,,,,,,,,,,,,,,,,,,,
明源汽車,636台灣雲林縣台西鄉三 姓 路 28 號,,,,,,,,,,,,,,,,,,,,,,,,
莿桐修車廠,647台灣雲林縣莿桐鄉和平路157號,,,,,,,,,,,,,,,,,,,,,,,,
新埤,925台灣屏東縣新埤鄉,,,,,,,,,,,,,,,,,,,,,,,,
日翔汽車保修廠,714台灣台南市玉井區中山路75-4號,,,,,,,,,,,,,,,,,,,,,,,,
阿寶汽車保養場,946台灣屏東縣恆春鎮復興路163號,,,,,,,,,,,,,,,,,,,,,,,,
下崙義盛淓汽車工坊,653台灣雲林縣口湖鄉東安路91-12號,,,,,,,,,,,,,,,,,,,,,,,,
駿隆汽車保養廠,310台灣新竹縣竹東鎮中正路39號,,,,,,,,,,,,,,,,,,,,,,,,
永吉汽車修護,622台灣嘉義縣大林鎮民生路78號,05 265 3699,,,,,,,,,,,,,,,,,,,,,,,
僑興汽車修理廠,260台灣宜蘭縣宜蘭市中山路五段258號,03 928 6768,,,,,,,,,,,,,,,,,,,,,,,
興隆汽車保養場,606台灣嘉義縣中埔鄉中正路350號,05 253 0120,,,,,,,,,,,,,,,,,,,,,,,
ACDelco榮陞汽車保養廠-美濃,843台灣高雄市美濃區獅山里龜山街28-13號22°51'04. 120°33'55.,07 685 0546,,,,,,,,,,,,,,,,,,,,,,,
家倫汽車保養廠（陳憶順）,956台灣台東縣關山鎮順興路6號,08 981 4102,,,,,,,,,,,,,,,,,,,,,,,
永順汽車,524台灣彰化縣二林鎮建國路292號,04 895 5512,,,,,,,,,,,,,,,,,,,,,,,
萬達汽車修配廠,527台灣彰化縣大城鄉大山路699號,04 894 7243,,,,,,,,,,,,,,,,,,,,,,,
宣瑩環保有限公司,"86 號, 中央路大城鄉彰化縣台灣 527",04 894 1558,,,,,,,,,,,,,,,,,,,,,,,
巨利企業社,262台灣宜蘭縣礁溪鄉礁溪路六段102號,03 988 4281,,,,,,,,,,,,,,,,,,,,,,,
正宜汽車變速鄉專業廠,635台灣雲林縣東勢鄉72 之 13 號,0918 557 848,,,,,,,,,,,,,,,,,,,,,,,
HOT保修大聯盟 上湧汽車,648台灣雲林縣西螺鎮市場北路２５２號,05 588 2758,,,,,,,,,,,,,,,,,,,,,,,
青洲汽車保修廠,636台灣雲林縣台西鄉民族路246號,05 698 6661,,,,,,,,,,,,,,,,,,,,,,,
如新洗車保養廠,940台灣屏東縣枋寮鄉隆山路334號,08 878 2248,,,,,,,,,,,,,,,,,,,,,,,
醬子汽車修護工場,624台灣嘉義縣義竹鄉頭竹村頭竹圍10鄰124號-8,0937 699 321,,,,,,,,,,,,,,,,,,,,,,,
晨揚有限公司,606台灣嘉義縣中埔鄉中正路594號,05 253 7061,,,,,,,,,,,,,,,,,,,,,,,
LUNZI倫仔工作坊,904台灣屏東縣九如鄉中正路155號,0920 140 024,,,,,,,,,,,,,,,,,,,,,,,
建明汽車修護廠,353台灣苗栗縣南庄鄉68號,03 783 1656,,,,,,,,,,,,,,,,,,,,,,,
GE台北車庫-新竹外匯車商,310台灣新竹縣竹東鎮光明路556巷2號,03 582 2257,,,,,,,,,,,,,,,,,,,,,,,
明和汽車企業社,905台灣屏東縣里港鄉387號,08 772 1798,,,,,,,,,,,,,,,,,,,,,,,
永順汽車保養廠,621台灣嘉義縣民雄鄉民雄,05 226 0911,,,,,,,,,,,,,,,,,,,,,,,
HOT保修大聯盟 亦榮發汽車,630台灣雲林縣斗南鎮延平路三段89之7號,05 595 1089,,,,,,,,,,,,,,,,,,,,,,,
宏儒汽車,325台灣桃園市龍潭區中豐路上林段502號,03 479 0931,,,,,,,,,,,,,,,,,,,,,,,
義勝汽車修配廠,558台灣南投縣鹿谷鄉鹿彰路107號,04 9275 3751,,,,,,,,,,,,,,,,,,,,,,,
成泰輪胎行,551台灣南投縣名間鄉名竹路246號,04 9273 5660,,,,,,,,,,,,,,,,,,,,,,,
路路安汽修連鎖-枋寮弘匠店,"號, No. 662中正大路枋寮鄉屏東縣台灣 940",08 871 5002,,,,,,,,,,,,,,,,,,,,,,,
墾丁國家公園,台灣屏東縣,08 886 1321,,,,,,,,,,,,,,,,,,,,,,,
全德汽車保養廠,613台灣嘉義縣朴子市大鄉里大槺榔1380號,05 370 1085,,,,,,,,,,,,,,,,,,,,,,,
金宜興汽車修配廠,261台灣宜蘭縣頭城鎮青雲路一段238號,03 988 3738,,,,,,,,,,,,,,,,,,,,,,,
新吉祥汽車保養場-汽車拖吊、24小時道路救援,558台灣南投縣鹿谷鄉中正路一段272號,04 9275 1759,,,,,,,,,,,,,,,,,,,,,,,
全志汽車,824台灣燕巢區安招路122號,0932 739 944,,,,,,,,,,,,,,,,,,,,,,,
協和汽車保修廠,905台灣屏東縣里港鄉鄉里嶺路97號905,08 775 5979,,,,,,,,,,,,,,,,,,,,,,,
震昌汽車冷氣音響電機行,907台灣屏東縣鹽埔鄉維新路27號之10號,08 793 5078,,,,,,,,,,,,,,,,,,,,,,,
HOT大聯盟 新尚汽車,523台灣彰化縣埤頭鄉彰水路一段99號,0980 560 349,,,,,,,,,,,,,,,,,,,,,,,
新隆輪胎行,946台灣屏東縣恆春鎮恆南路71-3號,08 889 6962,,,,,,,,,,,,,,,,,,,,,,,
允進汽車企業社,956台灣台東縣關山鎮和平路119之2號,08 981 1725,,,,,,,,,,,,,,,,,,,,,,,
三芝祥鵬汽車,252台灣新北市三芝區62 之 3 號,0910 085 137,,,,,,,,,,,,,,,,,,,,,,,
永勝汽車保養所,310台灣新竹縣竹東鎮北興路一段72號,03 596 4146,,,,,,,,,,,,,,,,,,,,,,,
振農汽車(振農工作所),904台灣屏東縣九如鄉九如路三段566號號,0935 263 387,,,,,,,,,,,,,,,,,,,,,,,
正隆汽車修配,208台灣新北市金山區民生路53號,02 2498 2133,,,,,,,,,,,,,,,,,,,,,,,
宏松汽車,208台灣新北市金山區中華路269-261號,02 2498 4054,,,,,,,,,,,,,,,,,,,,,,,
元寶汽車企業社,963台灣台東縣太麻里鄉外環路119號,08 978 2845,,,,,,,,,,,,,,,,,,,,,,,
Mobil 1車養護 千久保修廠,364台灣苗栗縣大湖鄉法 雲寺 4 之 12 號,03 799 7126,,,,,,,,,,,,,,,,,,,,,,,
永翊汽車修護中心,741台灣台南市善化區牛庄220-1號,06 583 8688,,,,,,,,,,,,,,,,,,,,,,,
新國家汽車材料行,905台灣屏東縣里港鄉鐵店路31號,08 775 1833,,,,,,,,,,,,,,,,,,,,,,,
久源汽車保養廠,"中華路, 7-169 號, 旗山區高雄市台灣 842",07 661 5800,,,,,,,,,,,,,,,,,,,,,,,
永益汽車保養所,622台灣嘉義縣大林鎮祥和路251號622,05 265 3285,,,,,,,,,,,,,,,,,,,,,,,
全方位汽車保修廠,30643台灣新竹縣關西鎮中豐新路108-5號,03 587 5967,,,,,,,,,,,,,,,,,,,,,,,
義豐汽車保養廠,956台灣台東縣關山鎮德高里,08 993 1903,,,,,,,,,,,,,,,,,,,,,,,
泰安汽車修配廠,527台灣彰化縣大城鄉東平路500號,04 894 1441,,,,,,,,,,,,,,,,,,,,,,,
永舜汽車板金廠,651台灣雲林縣北港鎮民享路64號,05 783 7125,,,,,,,,,,,,,,,,,,,,,,,
登祿普自強輪胎行,956台灣台東縣關山鎮和平路95-1號,08 981 1952,,,,,,,,,,,,,,,,,,,,,,,
樺煒汽車修護廠,732台灣台南市白河區富民路111號,06 685 9117,,,,,,,,,,,,,,,,,,,,,,,
彰信汽車企業社,528台灣彰化縣芳苑鄉二溪路草二段551-1號,04 886 3678,,,,,,,,,,,,,,,,,,,,,,,
弘祥汽車商行,963台灣台東縣太麻里鄉太麻里街56號,08 978 0656,,,,,,,,,,,,,,,,,,,,,,,
MAXXIS瑪吉斯輪胎 - 宗泰輪胎行,"號, No. 2-22中學路旗山區高雄市台灣 842",07 662 3412,,,,,,,,,,,,,,,,,,,,,,,
吉展汽車保養,350台灣苗栗縣竹南鎮真如路388號九 鄰,03 746 5936,,,,,,,,,,,,,,,,,,,,,,,
大牛多功能搬運車,624台灣嘉義縣義竹鄉義工一路6號,0909 533 773,,,,,,,,,,,,,,,,,,,,,,,
仲恆汽車保養廠,307台灣新竹縣芎林鄉富林路二段714-1號,0936 136 077,,,,,,,,,,,,,,,,,,,,,,,
安泰汽車修理廠,312台灣新竹縣橫山鄉中豐路二段439號,03 593 1786,,,,,,,,,,,,,,,,,,,,,,,
正一修配廠,363台灣苗栗縣公館鄉仁愛路一段107號,03 722 6838,,,,,,,,,,,,,,,,,,,,,,,
振宗輪胎行,726台灣學甲區華宗路326號,06 783 2237,,,,,,,,,,,,,,,,,,,,,,,
廣進汽車企業行,553台灣南投縣水里鄉七賢路51號,04 9277 8585,,,,,,,,,,,,,,,,,,,,,,,
嘉大汽車行,616台灣嘉義縣新港鄉菜公厝23之5號,05 374 1447,,,,,,,,,,,,,,,,,,,,,,,
銓威汽車保養廠,540台灣南投縣南投市嘉和一路3號,04 9222 4116,,,,,,,,,,,,,,,,,,,,,,,
永泰汽車保養廠,843台灣高雄市美濃區中山路二段314-1號,07 681 8431,,,,,,,,,,,,,,,,,,,,,,,
振宏汽車修理廠,545台灣南投縣埔里鎮光遠三街79號,04 9298 5180,,,,,,,,,,,,,,,,,,,,,,,
盛泰汽車保修廠,545台灣南投縣埔里鎮南安路318-1號,04 9299 6668,,,,,,,,,,,,,,,,,,,,,,,
嘉雄汽車保養廠,946台灣屏東縣恆春鎮恆南路8之1號,08 889 5052,,,,,,,,,,,,,,,,,,,,,,,
嘉信汽車維修廠,616台灣嘉義縣新港鄉嘉北路39號號,0933 361 904,,,,,,,,,,,,,,,,,,,,,,,
泰一汽車,557台灣南投縣竹山鎮鯉南路26-112號,0928 671 261,,,,,,,,,,,,,,,,,,,,,,,
雙豪汽車材料行,648台灣雲林縣西螺鎮延平路624之1號,05 587 4570,,,,,,,,,,,,,,,,,,,,,,,
德正汽車電機行,944台灣屏東縣車城鄉中山路8號,08 882 2960,,,,,,,,,,,,,,,,,,,,,,,
隆吉汽車保養廠,733台灣台南市東山區新東路二段123號台南市東山區,06 680 5695,,,,,,,,,,,,,,,,,,,,,,,
MICHELIN米其林輪胎-勝新店,640台灣雲林縣斗六市文化路600號,05 533 7889,,,,,,,,,,,,,,,,,,,,,,,
日盛汽車,224台灣新北市瑞芳區逢甲路96號,02 2497 7437,,,,,,,,,,,,,,,,,,,,,,,
清台汽車修配處,310台灣新竹縣竹東鎮中興路一段173號,03 582 3008,,,,,,,,,,,,,,,,,,,,,,,
日順企業社,270台灣宜蘭縣蘇澳鎮濱海路二段373號,03 990 4641,,,,,,,,,,,,,,,,,,,,,,,
鑾成汽車電機行,367台灣苗栗縣三義鄉八股路35號,03 787 2737,,,,,,,,,,,,,,,,,,,,,,,
佳寶汽車修理廠,545台灣南投縣埔里鎮信義路699號,04 9299 6277,,,,,,,,,,,,,,,,,,,,,,,
文成車坊,720台灣台南市官田區75之33號,06 699 0199,,,,,,,,,,,,,,,,,,,,,,,
兄弟汽車,840台灣高雄市大樹區溪埔路57-8號,0937 318 404,,,,,,,,,,,,,,,,,,,,,,,
萬昌輪胎行,545台灣南投縣埔里鎮信義路1076號,04 9291 6856,,,,,,,,,,,,,,,,,,,,,,,
南興汽車保養廠（董春財）,946台灣屏東縣恆春鎮恆南路6-6號,08 889 6376,,,,,,,,,,,,,,,,,,,,,,,
永豐汽車保養廠,366台灣苗栗縣銅鑼鄉中正路11號,03 798 1769,,,,,,,,,,,,,,,,,,,,,,,
泰安車業,52142台灣彰化縣北斗鎮中山路一段122號,04 887 0736,,,,,,,,,,,,,,,,,,,,,,,
進興汽車保養場,604台灣嘉義縣竹崎鄉溪洲61號,05 254 2770,,,,,,,,,,,,,,,,,,,,,,,
連盛汽車修護廠,526台灣彰化縣二林鎮長春路508號,04 896 8545,,,,,,,,,,,,,,,,,,,,,,,
明鴻汽車材料百貨行,357台灣苗栗縣通霄鎮中山路42號,03 775 0736,,,,,,,,,,,,,,,,,,,,,,,
永裕汽車,551台灣南投縣名間鄉彰南路253-8號,04 9273 4665,,,,,,,,,,,,,,,,,,,,,,,
新馬汽車修配,635台灣雲林縣東勢鄉文化路3號,05 699 4919,,,,,,,,,,,,,,,,,,,,,,,
裕鴻汽車保養廠,557台灣南投縣竹山鎮集山路三段1560號,04 9264 3732,,,,,,,,,,,,,,,,,,,,,,,
振發汽車冷氣電機,357台灣苗栗縣通霄鎮中山路150-5號,03 775 6703,,,,,,,,,,,,,,,,,,,,,,,
百年檜木甜甜圈,604台灣嘉義縣竹崎鄉第4鄰號,05 256 1340,,,,,,,,,,,,,,,,,,,,,,,
中裕汽車保養廠,300台灣新竹市東區寶山路402號,03 561 6650,,,,,,,,,,,,,,,,,,,,,,,
順發引擎工作所,714台灣玉井區中山路500號,06 574 2348,,,,,,,,,,,,,,,,,,,,,,,
峪欣工程行,201台灣基隆市信義區培德路11號,02 2466 7220,,,,,,,,,,,,,,,,,,,,,,,
電池專家,55744台灣南投縣竹山鎮建國路132號,04 9500 5000,,,,,,,,,,,,,,,,,,,,,,,
HOT大聯盟 順達汽車,307台灣新竹县芎林乡富林路2段479號,03 592 6835,,,,,,,,,,,,,,,,,,,,,,,
久大汽車快速保養廠,"No. 4-6-6號, Zhongshan Road, 竹山鎮南投縣台灣 557",04 9264 4192,,,,,,,,,,,,,,,,,,,,,,,
鍵德汽車,635台灣雲林縣東勢鄉東榮路82-1號,0929 195 407,,,,,,,,,,,,,,,,,,,,,,,
豆芳華池上豆屋,958台灣台東縣池上鄉4鄰23號197縣道3.5公里處,08 986 3781,,,,,,,,,,,,,,,,,,,,,,,
新復興汽車材料行,310台灣新竹縣竹東鎮長春路三段74號,03 594 1076,,,,,,,,,,,,,,,,,,,,,,,
巨偉汽車維修保養廠,27047台灣宜蘭縣蘇澳鎮蘇濱路一段88-1號,03 990 7238,,,,,,,,,,,,,,,,,,,,,,,
佳成汽車修理,555台灣南投縣魚池鄉魚池街787號,04 9289 7625,,,,,,,,,,,,,,,,,,,,,,,
苗栗上億汽車,363台灣苗栗縣公館鄉五谷201之5號,03 722 5958,,,,,,,,,,,,,,,,,,,,,,,
和記行汽車有限公司,726台灣台南市學甲區中正路566號,06 782 0159,,,,,,,,,,,,,,,,,,,,,,,
榮程汽車材料行,524台灣彰化縣溪州鄉大庄村,04 880 1961,,,,,,,,,,,,,,,,,,,,,,,
萬年企業社,262台灣宜蘭縣礁溪鄉中山路一段2號,03 988 8535,,,,,,,,,,,,,,,,,,,,,,,
順千汽車維修中心,357台灣苗栗縣通霄鎮環市路一段17號,03 775 2907,,,,,,,,,,,,,,,,,,,,,,,
利嘉汽車保修廠,907台灣屏東縣鹽埔鄉仕正路11號之9號,08 793 8338,,,,,,,,,,,,,,,,,,,,,,,
同福輪胎行,207台灣新北市萬里區127之8號,02 2492 2228,,,,,,,,,,,,,,,,,,,,,,,
三益輪胎行,906台灣屏東縣高樹鄉興中路17號,08 796 6637,,,,,,,,,,,,,,,,,,,,,,,
久隆汽車修護場,726台灣台南市學甲區中正路378號,06 783 4414,,,,,,,,,,,,,,,,,,,,,,,
富益汽車修護廠,"之 號, No. 174中正路三義鄉苗栗縣台灣 367",0932 551 213,,,,,,,,,,,,,,,,,,,,,,,
鴻億汽車修護廠,622台灣嘉義縣大林鎮祥和路137-1號,05 265 3128,,,,,,,,,,,,,,,,,,,,,,,
美和汽車保養廠,912台灣屏東縣內埔鄉學人路302號,08 779 5850,,,,,,,,,,,,,,,,,,,,,,,
力順車業,842台灣高雄市旗山區中華路574號號,07 662 2353,,,,,,,,,,,,,,,,,,,,,,,
富全汽車 保養-修護,30643台灣新竹縣關西鎮中豐新路108-1號,03 587 8859,,,,,,,,,,,,,,,,,,,,,,,
MICHELIN米其林輪胎-扶固店,224台灣新北市瑞芳區三爪子坑路64號,02 2496 9091,,,,,,,,,,,,,,,,,,,,,,,
明新汽車,261台灣宜蘭縣頭城鎮青雲路二段98號,03 977 2411,,,,,,,,,,,,,,,,,,,,,,,
HOT大聯盟 明興汽車,611台灣嘉义县民雄乡文隆村10鄰47之19號,05 206 6928,,,,,,,,,,,,,,,,,,,,,,,
偉晟汽車保養廠,369台灣苗栗縣卓蘭鎮中正西路81-2號,04 2589 6810,,,,,,,,,,,,,,,,,,,,,,,
寶宸汽車修護中心,326台灣桃園市楊梅區環南路149號,0938 948 611,,,,,,,,,,,,,,,,,,,,,,,
嘉全修車廠,"號, No. 47南昌路大湖鄉苗栗縣台灣 364",03 799 6898,,,,,,,,,,,,,,,,,,,,,,,
正翔汽車修護,632台灣雲林縣虎尾鎮大屯17-2號,0919 548 661,,,,,,,,,,,,,,,,,,,,,,,
ACDelco寶晟汽車保養廠-旗山,842台灣高雄市旗山區中學路2-28號,07 662 8290,,,,,,,,,,,,,,,,,,,,,,,
信安汽車電機行,528台灣彰化縣芳苑鄉芳漢路王功段532-80號,0932 185 029,,,,,,,,,,,,,,,,,,,,,,,
金門汽車商行,634台灣雲林縣褒忠鄉三民路241號,05 697 1088,,,,,,,,,,,,,,,,,,,,,,,
ACDelco勝裕汽車專業保養中心-名間,551台灣南投縣名間鄉名竹路175號,04 9273 7395,,,,,,,,,,,,,,,,,,,,,,,
台南 順達店|路馳揚汽車養護專家,734台灣台南市六甲區中山路96號,06 698 9258,,,,,,,,,,,,,,,,,,,,,,,
頂興汽車修理廠,553台灣南投縣水里鄉頂崁巷34之1號,04 9277 0898,,,,,,,,,,,,,,,,,,,,,,,
榮和汽車電機百貨行,366台灣苗栗縣銅鑼鄉中正路308號,03 798 2288,,,,,,,,,,,,,,,,,,,,,,,
振農工作所,905台灣屏東縣里港鄉塔樓路1之14號,08 772 1313,,,,,,,,,,,,,,,,,,,,,,,
泰頡汽車保養廠,622台灣嘉義縣大林鎮中正路853號,05 264 2068,,,,,,,,,,,,,,,,,,,,,,,
明峰汽車修護廠,924台灣屏東縣崁頂鄉中正路1之9號,08 863 2943,,,,,,,,,,,,,,,,,,,,,,,
世昌汽車修配廠,551台灣南投縣名間鄉名松路二段192號,04 9258 1166,,,,,,,,,,,,,,,,,,,,,,,
豐禾汽車(總店),300台灣新竹市東區高翠路230之1號,03 562 3618,,,,,,,,,,,,,,,,,,,,,,,
裕龍汽車修理廠,557台灣南投縣竹山鎮集山路二段21號,04 9262 3441,,,,,,,,,,,,,,,,,,,,,,,
新泰汽車傳動軸,525台灣彰化縣竹塘鄉光明路525號竹田巷17之8號,0979 293 225,,,,,,,,,,,,,,,,,,,,,,,
銘宗車工坊,606台灣嘉義縣中埔鄉中山高速公路23之1號,05 203 0123,,,,,,,,,,,,,,,,,,,,,,,
尚易汽車配件行,552台灣南投縣集集鎮集鹿路186號,04 9276 4996,,,,,,,,,,,,,,,,,,,,,,,
宏隆汽車板金熔接所,732台灣台南市白河區新厝子1之121號,06 685 2505,,,,,,,,,,,,,,,,,,,,,,,
峻豪國際車業,526台灣彰化縣二林鎮斗苑路四段133號,0939 077 777,,,,,,,,,,,,,,,,,,,,,,,
嘉義太保永德福,612台灣嘉義縣太保市南埤路48號之7號,05 238 7626,,,,,,,,,,,,,,,,,,,,,,,
銓鎧車業,262台灣宜蘭縣礁溪鄉中山路一段292號,03 988 0588,,,,,,,,,,,,,,,,,,,,,,,
永輝汽車,252台灣新北市三芝區淡金路一段22號,02 2636 1234,,,,,,,,,,,,,,,,,,,,,,,
昌裕汽車修車廠,"號, No. 557南安路埔里鎮南投縣台灣 545",04 9291 1409,,,,,,,,,,,,,,,,,,,,,,,
全順汽車保養所,557台灣南投縣竹山鎮前山路一段131號,0932 644 555,,,,,,,,,,,,,,,,,,,,,,,
大林汽車修理廠,622台灣嘉義縣大林鎮中興路二段62號,05 265 6861,,,,,,,,,,,,,,,,,,,,,,,
順益輪胎行,654台灣雲林縣四湖鄉中正路275之5號,05 787 2122,,,,,,,,,,,,,,,,,,,,,,,
通發汽車修理部,270台灣宜蘭縣蘇澳鎮聖愛路11號,03 995 1753,,,,,,,,,,,,,,,,,,,,,,,
順安汽車保養廠,625台灣嘉義縣布袋鎮見龍里,05 347 9861,,,,,,,,,,,,,,,,,,,,,,,
Honda本田,260台灣宜蘭縣宜蘭市中山路五段247號,03 928 9800,,,,,,,,,,,,,,,,,,,,,,,
光陽生活精品,545台灣南投縣埔里鎮中山路二段310號,04 9298 7547,,,,,,,,,,,,,,,,,,,,,,,
KIA起亞商用車卡旺-台南新營-大豐汽車,730台灣台南市新營區開元路86-1號省公路台,0910 745 410,,,,,,,,,,,,,,,,,,,,,,,
佳明汽車,"號, 將軍區台南市台灣 725",06 794 6483,,,,,,,,,,,,,,,,,,,,,,,
弘坤車工坊,732台灣台南市白河區172縣道,06 685 5750,,,,,,,,,,,,,,,,,,,,,,,
增鴻汽車,31061台灣新竹縣竹東鎮中興路四段840號,03 582 2792,,,,,,,,,,,,,,,,,,,,,,,
金慶汽車修理行,314台灣新竹縣北埔鄉長春街37號,03 580 1279,,,,,,,,,,,,,,,,,,,,,,,
隆益汽車保養廠,616台灣嘉義縣新港鄉中正路131號,05 374 6811,,,,,,,,,,,,,,,,,,,,,,,
鋒達汽車修護,557台灣南投縣竹山鎮集山路三段509號,04 9265 5886,,,,,,,,,,,,,,,,,,,,,,,
MAXXIS瑪吉斯輪胎 - 合群電腦四輪定位,310台灣新竹縣竹東鎮中山路56-1號,03 595 7836,,,,,,,,,,,,,,,,,,,,,,,
金興輪胎,941台灣屏東縣枋山鄉中山路三段52-10號,08 876 1776,,,,,,,,,,,,,,,,,,,,,,,
勝峰汽車保養廠,208台灣新北市金山區環金路201號,02 2498 6967,,,,,,,,,,,,,,,,,,,,,,,
世新汽車保養場,606台灣嘉義縣中埔鄉十字路2之10號,05 253 0525,,,,,,,,,,,,,,,,,,,,,,,
泰源輪胎行,224台灣新北市瑞芳區中山路326號,02 2497 3800,,,,,,,,,,,,,,,,,,,,,,,
福興汽車保養所,524台灣彰化縣溪州鄉中山路四段37號,04 889 0090,,,,,,,,,,,,,,,,,,,,,,,
順發汽車材料行,905台灣屏東縣里港鄉中山南路3-2號,08 775 0299,,,,,,,,,,,,,,,,,,,,,,,
嘉駿汽車保養場,732台灣台南市白河區中山路278號,06 685 0969,,,,,,,,,,,,,,,,,,,,,,,
紘藝車業,"72048 號, 南111鄉道官田區台南市台灣 720",06 690 2837,,,,,,,,,,,,,,,,,,,,,,,
世強車業,300台灣新竹市東區東南街241號,03 575 3471,,,,,,,,,,,,,,,,,,,,,,,
輝宏汽車電機,555台灣南投縣魚池鄉魚池街753號,04 9289 6945,,,,,,,,,,,,,,,,,,,,,,,
新竹 進發輪胎車業 公道店,310台灣新竹縣竹東鎮公道路934號,03 583 0999,,,,,,,,,,,,,,,,,,,,,,,
杰力車店,905台灣屏東縣里港鄉中山路19號,08 772 2072,,,,,,,,,,,,,,,,,,,,,,,
順發汽車材料行,946台灣屏東縣恆春鎮省北路95號,08 889 2517,,,,,,,,,,,,,,,,,,,,,,,
金車噶瑪蘭威士忌 酒廠,264台灣宜蘭縣員山鄉員山路二段326號,03 922 9000#1104,,,,,,,,,,,,,,,,,,,,,,,
群益汽車保修場,653台灣雲林縣口湖鄉拔拉腳66號,05 789 2392,,,,,,,,,,,,,,,,,,,,,,,
正興汽車修護場,552台灣南投縣集集鎮民權路141之5號,04 9276 1795,,,,,,,,,,,,,,,,,,,,,,,
儒興汽車,553台灣南投縣水里鄉中山路二段327號,04 9277 4327,,,,,,,,,,,,,,,,,,,,,,,
隆興汽車商行,635台灣雲林縣東勢鄉東勢東路349號,05 699 5917,,,,,,,,,,,,,,,,,,,,,,,
國榮汽車修理廠,366台灣苗栗縣銅鑼鄉13之2號,03 722 9586,,,,,,,,,,,,,,,,,,,,,,,
志明汽車修理廠,366台灣苗栗縣銅鑼鄉10之5,03 798 2889,,,,,,,,,,,,,,,,,,,,,,,
龍輝汽車電機行,364台灣苗栗縣大湖鄉民族路63號,03 799 4629,,,,,,,,,,,,,,,,,,,,,,,
富凱輪胎行,208台灣新北市金山區中正路136號,02 2498 2182,,,,,,,,,,,,,,,,,,,,,,,
東立汽車修配場,649台灣雲林縣二崙鄉湳仔路91之1號,05 598 7826,,,,,,,,,,,,,,,,,,,,,,,
昊特汽車(BEST中古車聯盟)-台南善化中古車、Goo二手車訊推薦好店、原新世紀汽車,741台灣台南市善化區169號,0977 643 266,,,,,,,,,,,,,,,,,,,,,,,
除碳大師,73742台灣台南市鹽水區忠孝路70號,06 652 9389,,,,,,,,,,,,,,,,,,,,,,,
永祥汽車農機修配廠,369台灣苗栗縣卓蘭鎮上新街15之1號,04 2589 4737,,,,,,,,,,,,,,,,,,,,,,,
頂良汽車修護廠,357台灣苗栗縣通霄鎮中山路663號,03 776 2958,,,,,,,,,,,,,,,,,,,,,,,
正晟汽車保養廠,526台灣彰化縣二林鎮斗苑路四段133號,04 8968 9633,,,,,,,,,,,,,,,,,,,,,,,
友誠汽車企業社,940台灣屏東縣枋寮鄉枋寮鄉中正大路413號,08 878 3386,,,,,,,,,,,,,,,,,,,,,,,
華太汽車,312台灣新竹縣橫山鄉中豐路一段104號,0928 809 592,,,,,,,,,,,,,,,,,,,,,,,
SUM優質車商聯盟-建興汽車,940台灣屏東縣枋寮鄉中正大路426號,08 878 7160,,,,,,,,,,,,,,,,,,,,,,,
永益汽車修理廠,357台灣苗栗縣通霄鎮65之3號,03 775 2269,,,,,,,,,,,,,,,,,,,,,,,
建成汽車修理廠,737台灣台南市鹽水區南門路117號,06 652 2141,,,,,,,,,,,,,,,,,,,,,,,
三進汽車修護廠,528台灣彰化縣芳苑鄉三合村,0935 381 132,,,,,,,,,,,,,,,,,,,,,,,
71 garage,742台灣台南市大內區122號之71號,0919 852 598,,,,,,,,,,,,,,,,,,,,,,,
宜蘭佳馳電池,262台灣宜蘭縣礁溪鄉礁溪路三段19號,03 928 8020,,,,,,,,,,,,,,,,,,,,,,,
祺耀輪胎行,553台灣南投縣水里鄉民生路223號,04 9277 0846,,,,,,,,,,,,,,,,,,,,,,,
順益汽車材料行,553台灣南投縣水里鄉七賢一街60號,04 9287 1728,,,,,,,,,,,,,,,,,,,,,,,
正新汽車修理廠,360台灣苗栗縣苗栗市後汶公路14號,03 722 0351,,,,,,,,,,,,,,,,,,,,,,,
立峯汽車電機行,648台灣雲林縣西螺鎮振興路116-1號,0922 959 916,,,,,,,,,,,,,,,,,,,,,,,
慶宏車體工廠,360台灣苗栗縣苗栗市苗栗市新川里柑園9鄰3號,03 732 3628,,,,,,,,,,,,,,,,,,,,,,,
富翔汽車維修場,253台灣新北市石門區中央路1之13號,02 2638 3338,,,,,,,,,,,,,,,,,,,,,,,
文榮汽車修配廠,553台灣南投縣水里鄉中山路一段309號,04 9277 4293,,,,,,,,,,,,,,,,,,,,,,,
志祥修車廠,367台灣苗栗縣三義鄉尖豐公路,03 787 3437,,,,,,,,,,,,,,,,,,,,,,,
萬昌汽車修理廠,357台灣苗栗縣通霄鎮白東127之1號,03 779 3359,,,,,,,,,,,,,,,,,,,,,,,
偉銘汽車修理廠,622台灣嘉義縣大林鎮四維街118號,05 265 1567,,,,,,,,,,,,,,,,,,,,,,,
弘名汽車保養場,843台灣高雄市美濃區民族路53之5號,07 681 9893,,,,,,,,,,,,,,,,,,,,,,,
進興汽車修配廠,252台灣新北市三芝區淡金路二段36號,02 2636 5585,,,,,,,,,,,,,,,,,,,,,,,
福將汽車修護廠,842台灣高雄市旗山區旗南一路373-30號,07 661 7711,,,,,,,,,,,,,,,,,,,,,,,
久信汽車裝璜行,726台灣台南市學甲區中正路465號,06 783 5395,,,,,,,,,,,,,,,,,,,,,,,
財能汽車,843台灣高雄市美濃區中正路二段74號,0933 833 622,,,,,,,,,,,,,,,,,,,,,,,
振騰汽車冷氣,31053台灣新竹縣竹東鎮中興路一段111號,03 583 3426,,,,,,,,,,,,,,,,,,,,,,,
智揚汽車修護廠,530台灣彰化縣二水鄉過圳村三民巷1號,04 879 5601,,,,,,,,,,,,,,,,,,,,,,,
昇泰汽車電機引擎輪胎行,367台灣苗栗縣三義鄉中正路168之2號,03 787 3373,,,,,,,,,,,,,,,,,,,,,,,
國豐汽車修護廠,363台灣苗栗縣公館鄉158號,03 722 3830,,,,,,,,,,,,,,,,,,,,,,,
荷花田陶工房,557台灣南投縣竹山鎮南投縣竹山鎮中崎里沉潭巷14-8號,0937 529 341,,,,,,,,,,,,,,,,,,,,,,,
瑞成汽車保養廠（吳樹成）,956台灣台東縣關山鎮崁頂路123號,08 981 4637,,,,,,,,,,,,,,,,,,,,,,,
亞東汽車保養廠,727台灣台南市北門區北門167號,06 786 0057,,,,,,,,,,,,,,,,,,,,,,,
廣龍汽車修理廠,732台灣台南市白河區中山路1之83號,06 685 4746,,,,,,,,,,,,,,,,,,,,,,,
車淨車體美學,842台灣高雄市旗山區光復一街2-1號,0981 988 895,,,,,,,,,,,,,,,,,,,,,,,
MICHELIN米其林輪胎 源豐店,622台灣嘉義縣大林鎮中正路10號,05 265 2455,,,,,,,,,,,,,,,,,,,,,,,
金鑫修車廠,622台灣嘉義縣大林鎮81-5、,0983 269 598,,,,,,,,,,,,,,,,,,,,,,,
三義鑾成汽車保修廠,367台灣苗栗縣三義鄉八股路35-7號,03 787 1947,,,,,,,,,,,,,,,,,,,,,,,
悅豐汽車保養廠,"302台灣新竹縣竹北市302, Unnamed Road",03 550 9669,,,,,,,,,,,,,,,,,,,,,,,
101汽車保養廠,306台灣新竹縣關西鎮正義路350號,03 587 7007,,,,,,,,,,,,,,,,,,,,,,,
寶捷汽車,900台灣屏東縣屏東市崇德一路26巷,0917 978 579,,,,,,,,,,,,,,,,,,,,,,,
大豐汽車修配場,906台灣屏東縣高樹鄉華光路99號,08 796 1280,,,,,,,,,,,,,,,,,,,,,,,
台南柳營 正安汽車修護廠,736台灣台南市柳營區367-3號,06 623 2386,,,,,,,,,,,,,,,,,,,,,,,
竣鼎車體,905台灣屏東縣里港鄉三廍村,0920 980 821,,,,,,,,,,,,,,,,,,,,,,,
國耀企業社,956台灣台東縣關山鎮平等路41號,08 981 3386,,,,,,,,,,,,,,,,,,,,,,,
嘉實多護車保養站,622台灣嘉義縣大林鎮中正路226號,05 265 7133,,,,,,,,,,,,,,,,,,,,,,,
盛利車業有限公司,726台灣台南市學甲區華宗路418號,06 783 5818,,,,,,,,,,,,,,,,,,,,,,,
佑昌汽車修理廠,307台灣新竹縣芎林鄉富林路三段400之2號,03 592 6521,,,,,,,,,,,,,,,,,,,,,,,
順達輪胎行,310台灣新竹縣竹東鎮北興路三段220號,03 511 0721,,,,,,,,,,,,,,,,,,,,,,,
立大汽車修配廠,648台灣雲林縣西螺鎮214號,05 586 7717,,,,,,,,,,,,,,,,,,,,,,,
煌昌汽車保養行,252台灣新北市三芝區淡金路一段18號,02 2636 1106,,,,,,,,,,,,,,,,,,,,,,,
東利行,551台灣南投縣名間鄉彰南路213之1號,04 9273 2397,,,,,,,,,,,,,,,,,,,,,,,
Honda Cars Miaoli City,360台灣苗栗縣苗栗市國華路1039號,03 737 2088,,,,,,,,,,,,,,,,,,,,,,,
鼎達汽車保養廠,944台灣屏東縣車城鄉保新路25號台灣,0976 924 275,,,,,,,,,,,,,,,,,,,,,,,
動力汽車保修廠,366台灣苗栗縣銅鑼鄉中正路2-3號,03 798 6080,,,,,,,,,,,,,,,,,,,,,,,
勤豐汽車修配廠,423台灣台中市東勢區東關路七段243之1號,04 2588 4922,,,,,,,,,,,,,,,,,,,,,,,
旺興汽車保養廠,732台灣台南市白河區中山路2-68號,06 685 9938,,,,,,,,,,,,,,,,,,,,,,,
嘉祥汽車修配廠,654台灣雲林縣四湖鄉東洋路106號之26號,05 787 3041,,,,,,,,,,,,,,,,,,,,,,,
和林汽車修配所,732台灣台南市白河區中山路259號,06 685 7056,,,,,,,,,,,,,,,,,,,,,,,
民鈿有限公司台南分公司,73442台灣台南市六甲區中華路423號,06 698 5812,,,,,,,,,,,,,,,,,,,,,,,
富盛車坊 (VAG毒窟),52505台灣彰化縣竹塘鄉竹鹿路保安巷525 彰化 縣 鄉 69 號,0926 227 052,,,,,,,,,,,,,,,,,,,,,,,
鏵山輪胎行,557台灣南投縣竹山鎮集山路三段400號,04 9265 1776,,,,,,,,,,,,,,,,,,,,,,,
天城汽車股份有限公司,307台灣新竹縣芎林鄉富林路二段714號,03 592 6662,,,,,,,,,,,,,,,,,,,,,,,
慶宇汽車保養廠,300台灣新竹市北區林森路301號,03 525 5711,,,,,,,,,,,,,,,,,,,,,,,
吉興汽車材料行,920台灣屏東縣潮州鎮四維路406號,08 788 7196,,,,,,,,,,,,,,,,,,,,,,,
鑫順汽車修理廠,224台灣新北市瑞芳區路過港巷1-1號,0936 981 389,,,,,,,,,,,,,,,,,,,,,,,
立誠汽車保修中心,631台灣雲林縣大埤鄉大埤路529號,05 591 6519,,,,,,,,,,,,,,,,,,,,,,,
華豐汽車修理廠-汽車維修、汽車保養、輪胎,364台灣苗栗縣大湖鄉仁愛路121號,03 799 2870,,,,,,,,,,,,,,,,,,,,,,,
嘉實多護車保養站,842台灣高雄市旗山區旗文路154巷45號,07 662 1433,,,,,,,,,,,,,,,,,,,,,,,
廣達汽車修護中心,726台灣台南市學甲區建國路122號,06 782 4953,,,,,,,,,,,,,,,,,,,,,,,
永新汽車修配所,714台灣台南市玉井區中山路158之1號,06 574 2611,,,,,,,,,,,,,,,,,,,,,,,
建源汽車配件行,540台灣南投縣南投市南崗一路65號,04 9222 3365,,,,,,,,,,,,,,,,,,,,,,,
瑞億汽車材料行,726台灣學甲區華宗路547號,06 783 2433,,,,,,,,,,,,,,,,,,,,,,,
佳興汽車修理廠,731台灣台南市後壁區257號,0988 362 133,,,,,,,,,,,,,,,,,,,,,,,
佳美汽車有限公司,526台灣彰化縣二林鎮斗苑路四段82號,04 895 1333,,,,,,,,,,,,,,,,,,,,,,,
七股德盟汽車,"號 724 台南 市 七 股 區 南 39 鄉 道 45 號, No. 45南39鄉道七股區台南市台灣 724",06 788 0007,,,,,,,,,,,,,,,,,,,,,,,
信成汽車修理廠,357台灣苗栗縣通霄鎮中山路62-3號,03 775 8077,,,,,,,,,,,,,,,,,,,,,,,
竹大汽車修理廠,310台灣新竹縣竹東鎮中興路二段125號,03 582 3845,,,,,,,,,,,,,,,,,,,,,,,
麥倫汽車,262台灣宜蘭縣礁溪鄉礁溪路一段255號,03 928 7520,,,,,,,,,,,,,,,,,,,,,,,
廣信汽車修護,732台灣台南市白河區中正路228號,06 685 1885,,,,,,,,,,,,,,,,,,,,,,,
維新汽車修護保養場,603台灣嘉義縣梅山鄉中山路775號,05 262 5575,,,,,,,,,,,,,,,,,,,,,,,
垠金汽車修配廠,305台灣新竹縣新埔鎮新關路五埔段657巷17-1號,03 589 4173,,,,,,,,,,,,,,,,,,,,,,,
路馳揚崙背店,637台灣雲林縣崙背鄉南昌路375號,05 696 7183,,,,,,,,,,,,,,,,,,,,,,,
立典電器行,557台灣南投縣竹山鎮集山路三段584號,04 9264 2779,,,,,,,,,,,,,,,,,,,,,,,
關山汽車股份有限公司,956台灣台東縣關山鎮順興路18號,08 981 2643,,,,,,,,,,,,,,,,,,,,,,,
新隆汽車商行,426台灣台中市新社區中和街五段56號,04 2581 7789,,,,,,,,,,,,,,,,,,,,,,,
進喜汽車修護廠,732台灣台南市白河區河東里99-6號,06 685 2268,,,,,,,,,,,,,,,,,,,,,,,
三山修車廠,364台灣苗栗縣大湖鄉三鄰2-5號,03 799 1956,,,,,,,,,,,,,,,,,,,,,,,
河嘉車業有限公司,732台灣台南市白河區中山路109號,06 685 2724,,,,,,,,,,,,,,,,,,,,,,,
永盛汽車修配,302台灣新竹縣竹北市東興路一段136之1號,03 550 0496,,,,,,,,,,,,,,,,,,,,,,,
弘城汽車,904台灣屏東縣九如鄉九如路三段425號,08 775 9628,,,,,,,,,,,,,,,,,,,,,,,
宇揚汽車修理廠,363台灣苗栗縣公館鄉195之2號,03 722 1111,,,,,,,,,,,,,,,,,,,,,,,
SUM優質車商聯盟,526台灣彰化縣二林鎮建國路439號,04 895 7279,,,,,,,,,,,,,,,,,,,,,,,
國全精密工業股份有限公司,366台灣苗栗縣銅鑼鄉瑞興街16號,03 722 4319,,,,,,,,,,,,,,,,,,,,,,,
良祥汽車保養廠（良祥車業）,224台灣新北市瑞芳區中山路80號,02 497 0832,,,,,,,,,,,,,,,,,,,,,,,
福興汽車保養場~褒忠鄉,634台灣雲林縣褒忠鄉太湖路10號 之 15 號,05 697 6909,,,,,,,,,,,,,,,,,,,,,,,
嘉實多--台南新營宏仁店,73010台灣台南市新營區健康路61號,06 656 9366,,,,,,,,,,,,,,,,,,,,,,,
鑫大發汽車車業行,635台灣雲林縣東勢鄉東勢西路1號,05 699 4657,,,,,,,,,,,,,,,,,,,,,,,
憲達汽車企業社,367台灣苗栗縣三義鄉伯公坑290號,03 787 4692,,,,,,,,,,,,,,,,,,,,,,,
SUM優質車商聯盟,731台灣台南市後壁區206之2號,06 633 3899,,,,,,,,,,,,,,,,,,,,,,,
英輝汽車電機行,912台灣屏東縣內埔鄉南寧路226號市區,0915 972 382,,,,,,,,,,,,,,,,,,,,,,,
全盛汽車保修廠,362台灣苗栗縣頭屋鄉頭屋村18鄰橋頭65-1號,03 725 0387,,,,,,,,,,,,,,,,,,,,,,,
古坑汽車行,646台灣雲林縣古坑鄉文昌路104巷7號,05 582 8779,,,,,,,,,,,,,,,,,,,,,,,
瑞堂汽車保養廠,920台灣屏東縣潮州鎮玉春街4號,08 788 6376,,,,,,,,,,,,,,,,,,,,,,,
龍德汽車代檢廠,270台灣宜蘭縣蘇澳鎮蘇濱路三段1號,03 990 6288,,,,,,,,,,,,,,,,,,,,,,,
SUM優質車商聯盟,842台灣高雄市旗山區中華路7之117號,07 662 8555,,,,,,,,,,,,,,,,,,,,,,,
瑞興汽車商行,558台灣南投縣鹿谷鄉中正路二段431號之1號,04 9275 2898,,,,,,,,,,,,,,,,,,,,,,,
朝興汽車修配所,553台灣南投縣水里鄉水信路一段138號,04 9277 2098,,,,,,,,,,,,,,,,,,,,,,,
國泰汽車商行,262台灣宜蘭縣礁溪鄉七結路41之1號,03 987 2057,,,,,,,,,,,,,,,,,,,,,,,
SUM優質車商聯盟,606台灣嘉義縣中埔鄉金蘭24之2號,05 203 1509,,,,,,,,,,,,,,,,,,,,,,,
順益汽車苗栗營業所,36055台灣苗栗縣苗栗市國華路637號,03 733 3030,,,,,,,,,,,,,,,,,,,,,,,
永新汽車修理廠,891金湖鎮新生街42號,08 233 2464,,,,,,,,,,,,,,,,,,,,,,,
力大汽車企業行,842台灣高雄市旗山區延平一路424號,07 662 3013,,,,,,,,,,,,,,,,,,,,,,,
新發車業,733台灣台南市東山區中興路12號,06 680 5688,,,,,,,,,,,,,,,,,,,,,,,
建興輪胎行,940台灣屏東縣枋寮鄉中山路二段136號,08 871 3797,,,,,,,,,,,,,,,,,,,,,,,
新建成企業社,940台灣屏東縣枋寮鄉臨海路199號,08 871 2995,,,,,,,,,,,,,,,,,,,,,,,
雄偉車業有限公司,913台灣屏東縣新園鄉仙吉路41號,08 868 2298,,,,,,,,,,,,,,,,,,,,,,,
SUM優質車商聯盟,608台灣嘉義縣水上鄉154號,05 371 8599,,,,,,,,,,,,,,,,,,,,,,,
全發企業社,261台灣宜蘭縣頭城鎮復興路18巷7-1號,03 977 8503,,,,,,,,,,,,,,,,,,,,,,,
鈺進車業,"號, No. 171中華路, 埔里鎮南投縣台灣 545",04 9242 2970,,,,,,,,,,,,,,,,,,,,,,,
吉林汽車修理有限公司,"號, 學甲區台南市台灣 726",0938 655 052,,,,,,,,,,,,,,,,,,,,,,,
SUM優質車商聯盟-鋒聯汽車,545台灣南投縣埔里鎮信義路850號,0932 561 431,,,,,,,,,,,,,,,,,,,,,,,
聯勤汽車,363台灣苗栗縣公館鄉3鄰五谷路89號,0918 992 671,,,,,,,,,,,,,,,,,,,,,,,
SUM優質車商聯盟,307台灣新竹縣芎林鄉富林路二段70號,03 592 5758,,,,,,,,,,,,,,,,,,,,,,,
耀發汽車保養廠,720台灣台南市官田區工社北街153號,06 698 3336,,,,,,,,,,,,,,,,,,,,,,,
行福車業有限公司,900台灣屏東縣屏東市自由路381號,08 737 3355,,,,,,,,,,,,,,,,,,,,,,,
永全汽車材料行,963台灣台東縣太麻里鄉外環路206號,08 978 2789,,,,,,,,,,,,,,,,,,,,,,,
盟達友汽車修理廠,261台灣宜蘭縣頭城鎮青雲路二段730號,03 977 3963,,,,,,,,,,,,,,,,,,,,,,,
太順汽車保養廠,637台灣雲林縣崙背鄉正義路45號,05 696 2756,,,,,,,,,,,,,,,,,,,,,,,
皇谷汽車板金噴漆廠,558台灣南投縣鹿谷鄉中正路二段143之1號,04 9275 3278,,,,,,,,,,,,,,,,,,,,,,,
建昌輪胎行,367台灣苗栗縣三義鄉西湖村伯公坑327號,03 787 3527,,,,,,,,,,,,,,,,,,,,,,,
瑋崧汽車修理廠,654台灣雲林縣四湖鄉四湖鄉施湖村中正路頂湖巷15號,05 787 2470,,,,,,,,,,,,,,,,,,,,,,,
宏吉汽車保養廠,553台灣南投縣水里鄉中山路二段316號,04 9277 4326,,,,,,,,,,,,,,,,,,,,,,,
屏東晉達輪胎行,900台灣屏東縣屏東市瑞光路三段239號,0982 785 597,,,,,,,,,,,,,,,,,,,,,,,
慶豐拖吊有限公司,364台灣苗栗縣大湖鄉舊糖廠8鄰3之2號,03 799 6222,,,,,,,,,,,,,,,,,,,,,,,
瑞成汽車企業社,956台灣台東縣關山鎮中華路1號,08 981 0360,,,,,,,,,,,,,,,,,,,,,,,
愛車族汽車凹痕修復中心,842台灣高雄市旗山區後厝巷3號,0936 791 170,,,,,,,,,,,,,,,,,,,,,,,
建泰汽車修復廠,636台灣雲林縣台西鄉五港路182號,05 698 6326,,,,,,,,,,,,,,,,,,,,,,,
鴻文汽車修理廠,633台灣雲林縣土庫鎮土庫鎮馬光厝段1557號之3,05 665 3621,,,,,,,,,,,,,,,,,,,,,,,
鴻德汽車輪胎保修廠 (24H道路救援),963台灣台東縣太麻里鄉太麻里街119號,08 978 2995,,,,,,,,,,,,,,,,,,,,,,,
福隆汽車修理廠,228台灣新北市貢寮區東興街41號,02 2499 1262,,,,,,,,,,,,,,,,,,,,,,,
景泰汽車板金,351台灣苗栗縣頭份市中正三路6號,03 760 1138,,,,,,,,,,,,,,,,,,,,,,,
華泰汽車修理廠,305台灣新竹縣新埔鎮文山路亞東段259號305,03 588 7123,,,,,,,,,,,,,,,,,,,,,,,
洽興汽車修配廠,842台灣高雄市旗山區旗南一路134號之一,07 662 1852,,,,,,,,,,,,,,,,,,,,,,,
汯順汽車修護廠,734台灣台南市六甲區進化街81巷29號,0937 576 869,,,,,,,,,,,,,,,,,,,,,,,
鴻通汽車修護廠,306台灣新竹縣關西鎮北斗里中豐路2段35號03-5872965,0919 256 708,,,,,,,,,,,,,,,,,,,,,,,
三福汽車修護場,616台灣嘉義縣新港鄉新民路238-39號,05 374 4816,,,,,,,,,,,,,,,,,,,,,,,
輝龍車業有限公司,624台灣嘉義縣義竹鄉170號,05 341 2625,,,,,,,,,,,,,,,,,,,,,,,
吉和汽車修理廠,367台灣苗栗縣三義鄉西湖村伯公坑312號,03 787 4522,,,,,,,,,,,,,,,,,,,,,,,
宏謚汽車修配有限公司,528台灣彰化縣芳苑鄉工區路34號,04 896 5171,,,,,,,,,,,,,,,,,,,,,,,
華通修配廠,422台灣台中市石岡區豐勢路121號,04 2581 0993,,,,,,,,,,,,,,,,,,,,,,,
尚毅汽車保養廠,900台灣屏東縣屏東市忠孝路562號,0911 727 507,,,,,,,,,,,,,,,,,,,,,,,
景全汽車板金保養場,625台灣嘉義縣布袋鎮太平東路31號625,05 347 4417,,,,,,,,,,,,,,,,,,,,,,,
東山清安汽車行,733台灣台南市東山區青山里140-11號,06 686 2665,,,,,,,,,,,,,,,,,,,,,,,
Mobile 1 車養護 鈺泰汽車,912台灣屏東縣內埔鄉民善路138號,08 779 4771,,,,,,,,,,,,,,,,,,,,,,,
瑞成汽車保養廠,843台灣高雄市美濃區中興路一段465-1號,07 681 2467,,,,,,,,,,,,,,,,,,,,,,,
廣慶汽車保養廠,"號, No. 1028中興路一段美濃區高雄市台灣 843",07 682 1381,,,,,,,,,,,,,,,,,,,,,,,
永信企業社,353台灣苗栗縣南庄鄉田美134之10號,03 782 5577,,,,,,,,,,,,,,,,,,,,,,,
榮晟汽車百貨有限公司,351台灣苗栗縣頭份市永貞路一段95號,03 762 3889,,,,,,,,,,,,,,,,,,,,,,,
全盛汽車修配廠,357台灣苗栗縣通霄鎮中山路180號,03 775 4372,,,,,,,,,,,,,,,,,,,,,,,
瑞豐修配廠,726台灣台南市學甲區華宗路133號,06 783 7170,,,,,,,,,,,,,,,,,,,,,,,
東和修車廠,423台灣台中市東勢區東關路24號,04 2594 2515,,,,,,,,,,,,,,,,,,,,,,,
九匠汽車,904台灣屏東縣九如鄉九如路二段1巷20弄41號,0926 176 131,,,,,,,,,,,,,,,,,,,,,,,
大嘉電機行,616台灣嘉義縣新港鄉新民路181號,05 374 2275,,,,,,,,,,,,,,,,,,,,,,,
陽明電機行,634台灣雲林縣褒忠鄉三民路3號,05 697 5829,,,,,,,,,,,,,,,,,,,,,,,
啟承輪胎行,730台灣台南市新營區長榮路二段951號,0982 733 436,,,,,,,,,,,,,,,,,,,,,,,
震達汽車車業行,635台灣雲林縣東勢鄉東榮路82之1號,05 699 5530,,,,,,,,,,,,,,,,,,,,,,,
錦順汽車修理廠,270台灣宜蘭縣蘇澳鎮仁愛路130號,03 990 6942,,,,,,,,,,,,,,,,,,,,,,,
正記 黃家綠豆蒜,944台灣屏東縣車城鄉福安路3之36號,08 882 1214,,,,,,,,,,,,,,,,,,,,,,,
福仁汽車保養廠,842台灣高雄市旗山區旗南一路234之1號,07 661 5080,,,,,,,,,,,,,,,,,,,,,,,
昌益汽車維修廠,558台灣南投縣鹿谷鄉中正路一段217號,04 9275 3938,,,,,,,,,,,,,,,,,,,,,,,
SUM優質車商聯盟,900台灣屏東縣屏東市忠孝路365號,08 732 1547,,,,,,,,,,,,,,,,,,,,,,,
新馬汽車股份有限公司,635台灣雲林縣東勢鄉文化路3號,05 699 1234,,,,,,,,,,,,,,,,,,,,,,,
米其林輪胎-順揚輪胎行,811台灣高雄市楠梓區旗楠路573號旁邊,07 353 3062,,,,,,,,,,,,,,,,,,,,,,,
SUM(恆春汽車),946台灣屏東縣恆春鎮省北路二段188號,08 889 0018,,,,,,,,,,,,,,,,,,,,,,,
廣順汽車輪胎保養廠,846台灣高雄市杉林區清水路37-9號,0976 690 163,,,,,,,,,,,,,,,,,,,,,,,
上群汽車百貨,"號, No. 5-126東鄉路竹山鎮南投縣台灣 557",04 9265 1472,,,,,,,,,,,,,,,,,,,,,,,
東昇汽車保養廠,646台灣雲林縣古坑鄉文化路212號,05 526 0047,,,,,,,,,,,,,,,,,,,,,,,
SUM優質車商聯盟,842台灣高雄市旗山區旗屏一路513號,07 661 8675,,,,,,,,,,,,,,,,,,,,,,,
興和汽車電機行,978台灣花蓮縣瑞穗鄉中正南路一段182號,03 887 1305,,,,,,,,,,,,,,,,,,,,,,,
永昌汽車商行,981台灣花蓮縣玉里鎮興國路二段226號,03 888 1926,,,,,,,,,,,,,,,,,,,,,,,
鴻順汽車企業行,844台灣高雄市六龜區光復路356號,07 689 4396,,,,,,,,,,,,,,,,,,,,,,,
路路安汽修連鎖-台東統一店,961台灣台東縣成功鎮芝田路2-1號,08 985 1888,,,,,,,,,,,,,,,,,,,,,,,
長春車行,962台灣台東縣長濱鄉長濱57號,08 983 1029,,,,,,,,,,,,,,,,,,,,,,,
興輝汽車快保中心,961台灣台東縣成功鎮公民路10-2號,08 985 5009,,,,,,,,,,,,,,,,,,,,,,,
冠陽車業股份有限公司,950台灣台東縣台東市柳州街230號,08 934 2995,,,,,,,,,,,,,,,,,,,,,,,
樺興汽車商行,962台灣台東縣長濱鄉長濱鄉長濱村長濱12號,08 983 1555,,,,,,,,,,,,,,,,,,,,,,,
嘉實多護車保養站,975台灣花蓮縣鳳林鎮中正路一段308號,03 876 2647,,,,,,,,,,,,,,,,,,,,,,,
SUM(延岡汽車),950台灣台東縣台東市台東縣台東市民航路118之1號,08 922 3322,,,,,,,,,,,,,,,,,,,,,,,
權鑫汽車修護,227台灣新北市雙溪區中華路36號,02 2493 4973,,,,,,,,,,,,,,,,,,,,,,,
鴻昇汽車保修廠,353台灣苗栗縣南庄鄉東村16鄰91號,03 782 1310,,,,,,,,,,,,,,,,,,,,,,,
亞泰汽車修理廠,981台灣花蓮縣玉里鎮大同路175號,03 888 8332,,,,,,,,,,,,,,,,,,,,,,,
星準汽車,222台灣新北市深坑區北深路三段92號,02 2662 6827,,,,,,,,,,,,,,,,,,,,,,,
阡裕汽車保養所,98341台灣花蓮縣富里鄉中興路78號,03 883 1673,,,,,,,,,,,,,,,,,,,,,,,
耀興修車廠,544台灣南投縣國姓鄉長壽巷1之2號,04 9272 2377,,,,,,,,,,,,,,,,,,,,,,,
順發汽車電機,983台灣花蓮縣富里鄉中興路230號,03 883 2292,,,,,,,,,,,,,,,,,,,,,,,
三通汽車修護廠,114台灣台北市內湖區安康路108號,02 2791 1625,,,,,,,,,,,,,,,,,,,,,,,
金能汽車,981台灣花蓮縣玉里鎮花東縱谷公路69號,03 888 2665,,,,,,,,,,,,,,,,,,,,,,,
日昇汽車電機水箱材料行,950台灣台東縣台東市更生路1047號,08 922 5811,,,,,,,,,,,,,,,,,,,,,,,
志勝企業社,978台灣花蓮縣瑞穗鄉30之8號,03 887 0525,,,,,,,,,,,,,,,,,,,,,,,
興豐汽車企業社,981台灣花蓮縣玉里鎮興國路二段222號,03 888 8851,,,,,,,,,,,,,,,,,,,,,,,
豐益汽車保養廠,955台灣台東縣鹿野鄉中山路158號,08 958 1592,,,,,,,,,,,,,,,,,,,,,,,
明忠汽車電機行,981台灣花蓮縣玉里鎮忠孝路57號,03 888 0203,,,,,,,,,,,,,,,,,,,,,,,
榮晉汽車嘉實多護車保養站,978台灣花蓮縣瑞穗鄉中正北路一段77號,03 887 0353,,,,,,,,,,,,,,,,,,,,,,,
SUM富豐汽車,981台灣花蓮縣玉里鎮興國路一段67-2號,03 888 8899,,,,,,,,,,,,,,,,,,,,,,,
德福汽修廠,981台灣花蓮縣玉里鎮民國路一段131-3號,03 898 0387,,,,,,,,,,,,,,,,,,,,,,,
龍誠汽車企業社,978台灣花蓮縣瑞穗鄉中正南路一段43號,03 887 0310,,,,,,,,,,,,,,,,,,,,,,,
東豐車業行,965台灣台東縣大武鄉大武街18號,08 979 2089,,,,,,,,,,,,,,,,,,,,,,,
南強輪胎行,844台灣高雄市六龜區光復路354號,07 689 1778,,,,,,,,,,,,,,,,,,,,,,,
正信汽車修護廠,602台灣嘉義縣番路鄉隙頂54號,0988 656 893,,,,,,,,,,,,,,,,,,,,,,,
鈺達汽車保養廠,981台灣花蓮縣玉里鎮興國路二段39號,03 888 8608,,,,,,,,,,,,,,,,,,,,,,,
陽光電機工作處,958台灣台東縣池上鄉中山路100之2號,08 986 2107,,,,,,,,,,,,,,,,,,,,,,,
協慶汽車修護廠-24小時道路救援、快速保養、底盤維修、油壓維修、引擎維修、電機冷氣,965台灣台東縣大武鄉復興路34號,08 979 1011,,,,,,,,,,,,,,,,,,,,,,,
三光車業,976台灣花蓮縣光復鄉中山路二段366號,03 870 1969,,,,,,,,,,,,,,,,,,,,,,,
健倫企業社,"號, 池上鄉台東縣台灣 958",08 986 4812,,,,,,,,,,,,,,,,,,,,,,,
千玉輪胎有限公司,981台灣花蓮縣玉里鎮興國路一段36號,03 888 2577,,,,,,,,,,,,,,,,,,,,,,,
元明汽車修配所,981台灣花蓮縣玉里鎮仁愛路一段86號,03 888 6357,,,,,,,,,,,,,,,,,,,,,,,
健豐汽車保養廠,847台灣高雄市甲仙區新興路57號,07 675 4025,,,,,,,,,,,,,,,,,,,,,,,
宏昌保養廠,958台灣台東縣池上鄉新生路264號,08 986 2346,,,,,,,,,,,,,,,,,,,,,,,
瑞穗榮晉汽車修理保養廠,978台灣花蓮縣瑞穗鄉中正北路一段77號,0933 481 887,,,,,,,,,,,,,,,,,,,,,,,
鉅程企業,976台灣花蓮縣光復鄉林森路576號,03 870 2288,,,,,,,,,,,,,,,,,,,,,,,
金山汽車修護廠,847台灣高雄市甲仙區新興路37號,07 675 2556,,,,,,,,,,,,,,,,,,,,,,,
上揚汽車行,950台灣台東縣台東市常德路1號,08 932 4599,,,,,,,,,,,,,,,,,,,,,,,
民鎧汽車企業社,975台灣花蓮縣鳳林鎮大榮四路23號,03 876 1341,,,,,,,,,,,,,,,,,,,,,,,
永協電機輪胎行,965台灣台東縣大武鄉復興路34號,08 979 1203,,,,,,,,,,,,,,,,,,,,,,,
維安輪胎行,978台灣花蓮縣瑞穗鄉中正南路一段114號,03 887 2412,,,,,,,,,,,,,,,,,,,,,,,
佑辰汽車有限公司,976台灣花蓮縣光復鄉光復鄉大全街7巷1號之10,03 870 0197,,,,,,,,,,,,,,,,,,,,,,,
豪興輪胎行,844台灣高雄市六龜區3830號,07 689 2080,,,,,,,,,,,,,,,,,,,,,,,
國民汽車修配廠,546台灣南投縣仁愛鄉仁和路1-1號,04 9280 2955,,,,,,,,,,,,,,,,,,,,,,,
全宏汽車商行修配廠,961台灣台東縣成功鎮芝田路186號,08 985 5015,,,,,,,,,,,,,,,,,,,,,,,
吉原汽車修理廠,227台灣新北市雙溪區25號,02 2493 1626,,,,,,,,,,,,,,,,,,,,,,,
玉峰汽車修理廠,981台灣花蓮縣玉里鎮忠孝路82號,03 888 7277,,,,,,,,,,,,,,,,,,,,,,,
華興車行,962台灣台東縣長濱鄉53號之2,08 983 1053,,,,,,,,,,,,,,,,,,,,,,,
仟易電腦四輪定位,975台灣花蓮縣鳳林鎮中正路二段380號號,03 876 4655,,,,,,,,,,,,,,,,,,,,,,,
東金工業社,978台灣花蓮縣瑞穗鄉中正南路一段173號,03 887 2025,,,,,,,,,,,,,,,,,,,,,,,
花蓮汽車-久隆汽車修理廠,98141台灣花蓮縣玉里鎮民國路二段132號,03 888 7099,,,,,,,,,,,,,,,,,,,,,,,
中一汽車電機,981台灣花蓮縣玉里鎮仁愛路一段52號,03 888 5177,,,,,,,,,,,,,,,,,,,,,,,
和成車行,981台灣花蓮縣玉里鎮中山路二段63號,03 888 2133,,,,,,,,,,,,,,,,,,,,,,,
志鑫汽車,978台灣花蓮縣瑞穗鄉中正北路一段401-1號,03 887 3848,,,,,,,,,,,,,,,,,,,,,,,
逢田車行,232台灣新北市坪林區北宜路八段145 號,02 2665 6361,,,,,,,,,,,,,,,,,,,,,,,
振興車業行,981台灣花蓮縣玉里鎮仁愛路一段122號,03 888 9000,,,,,,,,,,,,,,,,,,,,,,,
福特九和汽車忠孝營業所,115台灣台北市南港區忠孝東路六段297號,02 2785 0571,,,,,,,,,,,,,,,,,,,,,,,
SUM汽車保修聯盟｜尚宸保修,981台灣花蓮縣玉里鎮忠智路102號號,03 888 6898,,,,,,,,,,,,,,,,,,,,,,,
嘉實多護車保養站,981台灣花蓮縣玉里鎮興國路一段49號,03 888 0199,,,,,,,,,,,,,,,,,,,,,,,
輝隆汽車商行,962台灣台東縣長濱鄉東13鄉道25號,08 983 2485,,,,,,,,,,,,,,,,,,,,,,,
俊源汽車電機行,981台灣花蓮縣玉里鎮興國路一段271號,03 888 3992,,,,,,,,,,,,,,,,,,,,,,,
弘順汽車修配廠,424台灣台中市和平區中興路三段56-5號,04 2580 2205,,,,,,,,,,,,,,,,,,,,,,,
文釧車業,115台灣台北市南港區忠孝東路六段302號,02 2788 9043,,,,,,,,,,,,,,,,,,,,,,,
隆勝汽車修理廠,976台灣花蓮縣光復鄉中興路507號,03 870 4188,,,,,,,,,,,,,,,,,,,,,,,
全友汽車行,950台灣台東縣台東市正氣北路370號,08 935 2945,,,,,,,,,,,,,,,,,,,,,,,
勤茂輪胎,982台灣花蓮縣鳳林鎮中正路二段253號,03 876 3422,,,,,,,,,,,,,,,,,,,,,,,
東義汽車有限公司,981台灣花蓮縣玉里鎮純柑路30之2號,03 888 9268,,,,,,,,,,,,,,,,,,,,,,,
進旺汽車企業社/台東縣拖吊車/台11線24小時道路救援/汽車保養維修,961台灣台東縣成功鎮大同路1之7號,0937 396 453,,,,,,,,,,,,,,,,,,,,,,,
萬盛汽車企業社,975台灣花蓮縣鳳林鎮公園路92號,03 876 2306,,,,,,,,,,,,,,,,,,,,,,,
建鋒汽車修護廠-汽車維修、汽車保養、烤漆、鈑金、定位、中古車、道路救援,955台灣台東縣鹿野鄉中華路二段217號,08 955 1999,,,,,,,,,,,,,,,,,,,,,,,
宏修汽車保養廠,715台灣台南市楠西區信義路7號,06 575 3025,,,,,,,,,,,,,,,,,,,,,,,
光泰車業,975台灣花蓮縣鳳林鎮中正路二段213號之1號,03 876 0848,,,,,,,,,,,,,,,,,,,,,,,
勁達汽車,11579台灣台北市南港區興中路28巷5號,,,,,,,,,,,,,,,,,,,,,,,,
元利汽車保養,925台灣屏東縣新埤鄉沿山公路,,,,,,,,,,,,,,,,,,,,,,,,
